#VRML V2.0 utf8
DEF TXFM_1 Transform {
  center 0 0 0
  rotation 0 0 1 0
  scale 1 1 1
  scaleOrientation 0 0 1 0
  translation 0 0 0
 children [
DEF TXFM_2 Transform {
  center 0 0 0
  rotation 0 0 1 0
  scale 1 1 1
  scaleOrientation 0 0 1 0
  translation 0 0 0
 children [
DEF TXFM_3 Transform {
  center 0 0 0
  rotation 0 0 1 0
  scale 1 1 1
  scaleOrientation 0 0 1 0
  translation 0 0 0
 children [
DEF TXFM_4 Transform {
  center 0 0 0
  rotation 0 0 1 0
  scale 1 1 1
  scaleOrientation 0 0 1 0
  translation 0 0 0
 children [
DEF SHAPE_1 Shape {
 appearance DEF APP_1 Appearance {
  material Material {
   ambientIntensity 0.14492753
   diffuseColor 0.69 0.69 0.69
   emissiveColor 0 0 0
   shininess 0.1
   specularColor 0.12 0.12 0.12
   transparency 0
} }
 geometry DEF FACE_1 IndexedFaceSet {
  coord DEF COORD_1 Coordinate { point [
  10.1 0 -0.475,9.9 0 -0.475,
  10.1 3.35 -0.475,-10.1 3.35 -0.475,
  -10.1 0 -0.475,-9.9 0 -0.475,
  -9.9 0.2 -0.475,-9.1 0.2 -0.475,
  -9.1 0 -0.475,-8.9 0 -0.475,
  -8.9 0.2 -0.475,-8.1 0.2 -0.475,
  -8.1 0 -0.475,-7.9 0 -0.475,
  -7.9 0.2 -0.475,-7.1 0.2 -0.475,
  -7.1 0 -0.475,-6.9 0 -0.475,
  -6.9 0.2 -0.475,-6.1 0.2 -0.475,
  -6.1 0 -0.475,-5.9 0 -0.475,
  -5.9 0.2 -0.475,-5.1 0.2 -0.475,
  -5.1 0 -0.475,-4.9 0 -0.475,
  -4.9 0.2 -0.475,-4.1 0.2 -0.475,
  -4.1 0 -0.475,-3.9 0 -0.475,
  -3.9 0.2 -0.475,-3.1 0.2 -0.475,
  -3.1 0 -0.475,-2.9 0 -0.475,
  -2.9 0.2 -0.475,-2.1 0.2 -0.475,
  -2.1 0 -0.475,-1.9 0 -0.475,
  -1.9 0.2 -0.475,-1.1 0.2 -0.475,
  -1.1 0 -0.475,-0.9 0 -0.475,
  -0.9 0.2 -0.475,-0.1 0.2 -0.475,
  -0.1 0 -0.475,0.1 0 -0.475,
  0.1 0.2 -0.475,0.9 0.2 -0.475,
  0.9 0 -0.475,1.1 0 -0.475,
  1.1 0.2 -0.475,1.9 0.2 -0.475,
  1.9 0 -0.475,2.1 0 -0.475,
  2.1 0.2 -0.475,2.9 0.2 -0.475,
  2.9 0 -0.475,3.1 0 -0.475,
  3.1 0.2 -0.475,3.9 0.2 -0.475,
  3.9 0 -0.475,4.1 0 -0.475,
  4.1 0.2 -0.475,4.9 0.2 -0.475,
  4.9 0 -0.475,5.1 0 -0.475,
  5.1 0.2 -0.475,5.9 0.2 -0.475,
  5.9 0 -0.475,6.1 0 -0.475,
  6.1 0.2 -0.475,6.9 0.2 -0.475,
  6.9 0 -0.475,7.1 0 -0.475,
  7.1 0.2 -0.475,7.9 0.2 -0.475,
  7.9 0 -0.475,8.1 0 -0.475,
  8.1 0.2 -0.475,8.9 0.2 -0.475,
  8.9 0 -0.475,9.1 0 -0.475,
  9.1 0.2 -0.475,9.9 0.2 -0.475] }
 coordIndex [
  6,5,4,-1,10,8,7,-1,10,9,8,-1,13,12,11,-1,14,13,11,-1,3,7,6,-1,3,14,11,-1,3,11,10,-1,
  3,15,14,-1,3,6,4,-1,3,10,7,-1,18,15,3,-1,18,16,15,-1,18,17,16,-1,19,18,3,-1,22,20,19,-1,
  22,21,20,-1,22,19,3,-1,23,22,3,-1,26,24,23,-1,26,25,24,-1,26,23,3,-1,27,26,3,-1,30,28,27,-1,
  30,29,28,-1,30,27,3,-1,31,30,3,-1,33,32,31,-1,34,31,3,-1,34,33,31,-1,35,34,3,-1,38,36,35,-1,
  38,37,36,-1,41,40,39,-1,42,41,39,-1,46,44,43,-1,46,45,44,-1,49,48,47,-1,50,49,47,-1,54,52,51,-1,
  54,53,52,-1,57,56,55,-1,58,57,55,-1,62,60,59,-1,62,61,60,-1,66,64,63,-1,66,65,64,-1,70,68,67,-1,
  70,69,68,-1,73,72,71,-1,74,73,71,-1,77,76,75,-1,78,77,75,-1,82,80,79,-1,82,81,80,-1,83,0,1,-1,
  2,62,59,-1,2,66,63,-1,2,70,67,-1,2,74,71,-1,2,78,75,-1,2,82,79,-1,2,0,83,-1,2,55,54,-1,
  2,59,58,-1,2,63,62,-1,2,67,66,-1,2,71,70,-1,2,75,74,-1,2,79,78,-1,2,83,82,-1,2,58,55,-1,
  2,35,3,-1,2,38,35,-1,2,39,38,-1,2,42,39,-1,2,43,42,-1,2,46,43,-1,2,47,46,-1,2,50,47,-1,
  2,51,50,-1,2,54,51,-1]
  normalPerVertex TRUE
  normal DEF NORM_1 Normal { vector [
  0 0 -1,0 0 -1,
  0 0 -1,0 0 -1,
  0 0 -1,0 0 -1,
  0 0 -1,0 0 -1,
  0 0 -1,0 0 -1,
  0 0 -1,0 0 -1,
  0 0 -1,0 0 -1,
  0 0 -1,0 0 -1,
  0 0 -1,0 0 -1,
  0 0 -1,0 0 -1,
  0 0 -1,0 0 -1,
  0 0 -1,0 0 -1,
  0 0 -1,0 0 -1,
  0 0 -1,0 0 -1,
  0 0 -1,0 0 -1,
  0 0 -1,0 0 -1,
  0 0 -1,0 0 -1,
  0 0 -1,0 0 -1,
  0 0 -1,0 0 -1,
  0 0 -1,0 0 -1,
  0 0 -1,0 0 -1,
  0 0 -1,0 0 -1,
  0 0 -1,0 0 -1,
  0 0 -1,0 0 -1,
  0 0 -1,0 0 -1,
  0 0 -1,0 0 -1,
  0 0 -1,0 0 -1,
  0 0 -1,0 0 -1,
  0 0 -1,0 0 -1,
  0 0 -1,0 0 -1,
  0 0 -1,0 0 -1,
  0 0 -1,0 0 -1,
  0 0 -1,0 0 -1,
  0 0 -1,0 0 -1,
  0 0 -1,0 0 -1,
  0 0 -1,0 0 -1,
  0 0 -1,0 0 -1,
  0 0 -1,0 0 -1,
  0 0 -1,0 0 -1,
  0 0 -1,0 0 -1,
  0 0 -1,0 0 -1,
  0 0 -1,0 0 -1] }
}
}
DEF SHAPE_2 Shape {
 appearance USE APP_1
 geometry DEF FACE_2 IndexedFaceSet {
  coord DEF COORD_2 Coordinate { point [
  9.9 0.2 0.475,9.1 0.2 0.475,
  9.1 0 0.475,8.9 0 0.475,
  8.9 0.2 0.475,8.1 0.2 0.475,
  8.1 0 0.475,7.9 0 0.475,
  7.9 0.2 0.475,7.1 0.2 0.475,
  7.1 0 0.475,6.9 0 0.475,
  6.9 0.2 0.475,6.1 0.2 0.475,
  6.1 0 0.475,5.9 0 0.475,
  5.9 0.2 0.475,5.1 0.2 0.475,
  5.1 0 0.475,4.9 0 0.475,
  4.9 0.2 0.475,4.1 0.2 0.475,
  4.1 0 0.475,3.9 0 0.475,
  3.9 0.2 0.475,3.1 0.2 0.475,
  3.1 0 0.475,2.9 0 0.475,
  2.9 0.2 0.475,2.1 0.2 0.475,
  2.1 0 0.475,1.9 0 0.475,
  1.9 0.2 0.475,1.1 0.2 0.475,
  1.1 0 0.475,0.9 0 0.475,
  0.9 0.2 0.475,0.1 0.2 0.475,
  0.1 0 0.475,-0.1 0 0.475,
  -0.1 0.2 0.475,-0.9 0.2 0.475,
  -0.9 0 0.475,-1.1 0 0.475,
  -1.1 0.2 0.475,-1.9 0.2 0.475,
  -1.9 0 0.475,-2.1 0 0.475,
  -2.1 0.2 0.475,-2.9 0.2 0.475,
  -2.9 0 0.475,-3.1 0 0.475,
  -3.1 0.2 0.475,-3.9 0.2 0.475,
  -3.9 0 0.475,-4.1 0 0.475,
  -4.1 0.2 0.475,-4.9 0.2 0.475,
  -4.9 0 0.475,-5.1 0 0.475,
  -5.1 0.2 0.475,-5.9 0.2 0.475,
  -5.9 0 0.475,-6.1 0 0.475,
  -6.1 0.2 0.475,-6.9 0.2 0.475,
  -6.9 0 0.475,-7.1 0 0.475,
  -7.1 0.2 0.475,-7.9 0.2 0.475,
  -7.9 0 0.475,-8.1 0 0.475,
  -8.1 0.2 0.475,-8.9 0.2 0.475,
  -8.9 0 0.475,-9.1 0 0.475,
  -9.1 0.2 0.475,-9.9 0.2 0.475,
  -9.9 0 0.475,-10.1 0 0.475,
  -10.1 3.35 0.475,10.1 3.35 0.475,
  10.1 0 0.475,9.9 0 0.475] }
 coordIndex [
  0,83,82,-1,4,2,1,-1,4,3,2,-1,7,6,5,-1,8,7,5,-1,81,1,0,-1,81,5,4,-1,81,8,5,-1,
  81,9,8,-1,81,0,82,-1,81,4,1,-1,12,10,9,-1,12,11,10,-1,12,9,81,-1,13,12,81,-1,16,14,13,-1,
  16,15,14,-1,16,13,81,-1,17,16,81,-1,20,18,17,-1,20,19,18,-1,20,17,81,-1,21,20,81,-1,24,22,21,-1,
  24,23,22,-1,24,21,81,-1,25,24,81,-1,27,26,25,-1,28,25,81,-1,28,27,25,-1,29,28,81,-1,32,30,29,-1,
  32,31,30,-1,35,34,33,-1,36,35,33,-1,40,38,37,-1,40,39,38,-1,43,42,41,-1,44,43,41,-1,48,46,45,-1,
  48,47,46,-1,51,50,49,-1,52,51,49,-1,56,54,53,-1,56,55,54,-1,60,58,57,-1,60,59,58,-1,64,62,61,-1,
  64,63,62,-1,67,66,65,-1,68,67,65,-1,71,70,69,-1,72,71,69,-1,76,74,73,-1,76,75,74,-1,79,78,77,-1,
  80,56,53,-1,80,60,57,-1,80,64,61,-1,80,68,65,-1,80,72,69,-1,80,76,73,-1,80,49,48,-1,80,79,77,-1,
  80,53,52,-1,80,57,56,-1,80,61,60,-1,80,65,64,-1,80,69,68,-1,80,73,72,-1,80,77,76,-1,80,52,49,-1,
  80,29,81,-1,80,32,29,-1,80,33,32,-1,80,36,33,-1,80,37,36,-1,80,40,37,-1,80,41,40,-1,80,44,41,-1,
  80,45,44,-1,80,48,45,-1]
  normalPerVertex TRUE
  normal DEF NORM_2 Normal { vector [
  0 0 1,0 0 1,
  0 0 1,0 0 1,
  0 0 1,0 0 1,
  0 0 1,0 0 1,
  0 0 1,0 0 1,
  0 0 1,0 0 1,
  0 0 1,0 0 1,
  0 0 1,0 0 1,
  0 0 1,0 0 1,
  0 0 1,0 0 1,
  0 0 1,0 0 1,
  0 0 1,0 0 1,
  0 0 1,0 0 1,
  0 0 1,0 0 1,
  0 0 1,0 0 1,
  0 0 1,0 0 1,
  0 0 1,0 0 1,
  0 0 1,0 0 1,
  0 0 1,0 0 1,
  0 0 1,0 0 1,
  0 0 1,0 0 1,
  0 0 1,0 0 1,
  0 0 1,0 0 1,
  0 0 1,0 0 1,
  0 0 1,0 0 1,
  0 0 1,0 0 1,
  0 0 1,0 0 1,
  0 0 1,0 0 1,
  0 0 1,0 0 1,
  0 0 1,0 0 1,
  0 0 1,0 0 1,
  0 0 1,0 0 1,
  0 0 1,0 0 1,
  0 0 1,0 0 1,
  0 0 1,0 0 1,
  0 0 1,0 0 1,
  0 0 1,0 0 1,
  0 0 1,0 0 1,
  0 0 1,0 0 1,
  0 0 1,0 0 1,
  0 0 1,0 0 1,
  0 0 1,0 0 1] }
}
}
DEF SHAPE_3 Shape {
 appearance USE APP_1
 geometry DEF FACE_3 IndexedFaceSet {
  coord DEF COORD_3 Coordinate { point [
  9.345 3.35 -0.155,9.345 0.2 -0.155,
  9.655 0.2 -0.155,9.655 3.35 -0.155] }
 coordIndex [
  3,0,1,-1,3,1,2,-1]
  normalPerVertex TRUE
  normal DEF NORM_3 Normal { vector [
  0 0 1,0 0 1,
  0 0 1,0 0 1] }
}
}
DEF SHAPE_4 Shape {
 appearance USE APP_1
 geometry DEF FACE_4 IndexedFaceSet {
  coord DEF COORD_4 Coordinate { point [
  9.655 3.35 -0.155,9.655 0.2 -0.155,
  9.655 0.2 0.155,9.655 3.35 0.155] }
 coordIndex [
  3,0,1,-1,3,1,2,-1]
  normalPerVertex TRUE
  normal DEF NORM_4 Normal { vector [
  -1 0 0,-1 0 0,
  -1 0 0,-1 0 0] }
}
}
DEF SHAPE_5 Shape {
 appearance USE APP_1
 geometry DEF FACE_5 IndexedFaceSet {
  coord DEF COORD_5 Coordinate { point [
  9.655 3.35 0.155,9.655 0.2 0.155,
  9.345 0.2 0.155,9.345 3.35 0.155] }
 coordIndex [
  3,0,1,-1,3,1,2,-1]
  normalPerVertex TRUE
  normal DEF NORM_5 Normal { vector [
  0 0 -1,0 0 -1,
  0 0 -1,0 0 -1] }
}
}
DEF SHAPE_6 Shape {
 appearance USE APP_1
 geometry DEF FACE_6 IndexedFaceSet {
  coord DEF COORD_6 Coordinate { point [
  8.345 3.35 -0.155,8.345 0.2 -0.155,
  8.655 0.2 -0.155,8.655 3.35 -0.155] }
 coordIndex [
  3,0,1,-1,3,1,2,-1]
  normalPerVertex TRUE
  normal DEF NORM_6 Normal { vector [
  0 0 1,0 0 1,
  0 0 1,0 0 1] }
}
}
DEF SHAPE_7 Shape {
 appearance USE APP_1
 geometry DEF FACE_7 IndexedFaceSet {
  coord DEF COORD_7 Coordinate { point [
  8.655 3.35 -0.155,8.655 0.2 -0.155,
  8.655 0.2 0.155,8.655 3.35 0.155] }
 coordIndex [
  3,0,1,-1,3,1,2,-1]
  normalPerVertex TRUE
  normal DEF NORM_7 Normal { vector [
  -1 0 0,-1 0 0,
  -1 0 0,-1 0 0] }
}
}
DEF SHAPE_8 Shape {
 appearance USE APP_1
 geometry DEF FACE_8 IndexedFaceSet {
  coord DEF COORD_8 Coordinate { point [
  8.655 3.35 0.155,8.655 0.2 0.155,
  8.345 0.2 0.155,8.345 3.35 0.155] }
 coordIndex [
  3,0,1,-1,3,1,2,-1]
  normalPerVertex TRUE
  normal DEF NORM_8 Normal { vector [
  0 0 -1,0 0 -1,
  0 0 -1,0 0 -1] }
}
}
DEF SHAPE_9 Shape {
 appearance USE APP_1
 geometry DEF FACE_9 IndexedFaceSet {
  coord DEF COORD_9 Coordinate { point [
  7.345 3.35 -0.155,7.345 0.2 -0.155,
  7.655 0.2 -0.155,7.655 3.35 -0.155] }
 coordIndex [
  3,0,1,-1,3,1,2,-1]
  normalPerVertex TRUE
  normal DEF NORM_9 Normal { vector [
  0 0 1,0 0 1,
  0 0 1,0 0 1] }
}
}
DEF SHAPE_10 Shape {
 appearance USE APP_1
 geometry DEF FACE_10 IndexedFaceSet {
  coord DEF COORD_10 Coordinate { point [
  7.655 3.35 -0.155,7.655 0.2 -0.155,
  7.655 0.2 0.155,7.655 3.35 0.155] }
 coordIndex [
  3,0,1,-1,3,1,2,-1]
  normalPerVertex TRUE
  normal DEF NORM_10 Normal { vector [
  -1 0 0,-1 0 0,
  -1 0 0,-1 0 0] }
}
}
DEF SHAPE_11 Shape {
 appearance USE APP_1
 geometry DEF FACE_11 IndexedFaceSet {
  coord DEF COORD_11 Coordinate { point [
  7.655 3.35 0.155,7.655 0.2 0.155,
  7.345 0.2 0.155,7.345 3.35 0.155] }
 coordIndex [
  3,0,1,-1,3,1,2,-1]
  normalPerVertex TRUE
  normal DEF NORM_11 Normal { vector [
  0 0 -1,0 0 -1,
  0 0 -1,0 0 -1] }
}
}
DEF SHAPE_12 Shape {
 appearance USE APP_1
 geometry DEF FACE_12 IndexedFaceSet {
  coord DEF COORD_12 Coordinate { point [
  6.345 3.35 -0.155,6.345 0.2 -0.155,
  6.655 0.2 -0.155,6.655 3.35 -0.155] }
 coordIndex [
  3,0,1,-1,3,1,2,-1]
  normalPerVertex TRUE
  normal DEF NORM_12 Normal { vector [
  0 0 1,0 0 1,
  0 0 1,0 0 1] }
}
}
DEF SHAPE_13 Shape {
 appearance USE APP_1
 geometry DEF FACE_13 IndexedFaceSet {
  coord DEF COORD_13 Coordinate { point [
  6.655 3.35 -0.155,6.655 0.2 -0.155,
  6.655 0.2 0.155,6.655 3.35 0.155] }
 coordIndex [
  3,0,1,-1,3,1,2,-1]
  normalPerVertex TRUE
  normal DEF NORM_13 Normal { vector [
  -1 0 0,-1 0 0,
  -1 0 0,-1 0 0] }
}
}
DEF SHAPE_14 Shape {
 appearance USE APP_1
 geometry DEF FACE_14 IndexedFaceSet {
  coord DEF COORD_14 Coordinate { point [
  6.655 3.35 0.155,6.655 0.2 0.155,
  6.345 0.2 0.155,6.345 3.35 0.155] }
 coordIndex [
  3,0,1,-1,3,1,2,-1]
  normalPerVertex TRUE
  normal DEF NORM_14 Normal { vector [
  0 0 -1,0 0 -1,
  0 0 -1,0 0 -1] }
}
}
DEF SHAPE_15 Shape {
 appearance USE APP_1
 geometry DEF FACE_15 IndexedFaceSet {
  coord DEF COORD_15 Coordinate { point [
  5.345 3.35 -0.155,5.345 0.2 -0.155,
  5.655 0.2 -0.155,5.655 3.35 -0.155] }
 coordIndex [
  3,0,1,-1,3,1,2,-1]
  normalPerVertex TRUE
  normal DEF NORM_15 Normal { vector [
  0 0 1,0 0 1,
  0 0 1,0 0 1] }
}
}
DEF SHAPE_16 Shape {
 appearance USE APP_1
 geometry DEF FACE_16 IndexedFaceSet {
  coord DEF COORD_16 Coordinate { point [
  5.655 3.35 -0.155,5.655 0.2 -0.155,
  5.655 0.2 0.155,5.655 3.35 0.155] }
 coordIndex [
  3,0,1,-1,3,1,2,-1]
  normalPerVertex TRUE
  normal DEF NORM_16 Normal { vector [
  -1 0 0,-1 0 0,
  -1 0 0,-1 0 0] }
}
}
DEF SHAPE_17 Shape {
 appearance USE APP_1
 geometry DEF FACE_17 IndexedFaceSet {
  coord DEF COORD_17 Coordinate { point [
  5.655 3.35 0.155,5.655 0.2 0.155,
  5.345 0.2 0.155,5.345 3.35 0.155] }
 coordIndex [
  3,0,1,-1,3,1,2,-1]
  normalPerVertex TRUE
  normal DEF NORM_17 Normal { vector [
  0 0 -1,0 0 -1,
  0 0 -1,0 0 -1] }
}
}
DEF SHAPE_18 Shape {
 appearance USE APP_1
 geometry DEF FACE_18 IndexedFaceSet {
  coord DEF COORD_18 Coordinate { point [
  4.345 3.35 -0.155,4.345 0.2 -0.155,
  4.655 0.2 -0.155,4.655 3.35 -0.155] }
 coordIndex [
  3,0,1,-1,3,1,2,-1]
  normalPerVertex TRUE
  normal DEF NORM_18 Normal { vector [
  0 0 1,0 0 1,
  0 0 1,0 0 1] }
}
}
DEF SHAPE_19 Shape {
 appearance USE APP_1
 geometry DEF FACE_19 IndexedFaceSet {
  coord DEF COORD_19 Coordinate { point [
  4.655 3.35 -0.155,4.655 0.2 -0.155,
  4.655 0.2 0.155,4.655 3.35 0.155] }
 coordIndex [
  3,0,1,-1,3,1,2,-1]
  normalPerVertex TRUE
  normal DEF NORM_19 Normal { vector [
  -1 0 0,-1 0 0,
  -1 0 0,-1 0 0] }
}
}
DEF SHAPE_20 Shape {
 appearance USE APP_1
 geometry DEF FACE_20 IndexedFaceSet {
  coord DEF COORD_20 Coordinate { point [
  4.655 3.35 0.155,4.655 0.2 0.155,
  4.345 0.2 0.155,4.345 3.35 0.155] }
 coordIndex [
  3,0,1,-1,3,1,2,-1]
  normalPerVertex TRUE
  normal DEF NORM_20 Normal { vector [
  0 0 -1,0 0 -1,
  0 0 -1,0 0 -1] }
}
}
DEF SHAPE_21 Shape {
 appearance USE APP_1
 geometry DEF FACE_21 IndexedFaceSet {
  coord DEF COORD_21 Coordinate { point [
  3.345 3.35 -0.155,3.345 0.2 -0.155,
  3.655 0.2 -0.155,3.655 3.35 -0.155] }
 coordIndex [
  3,0,1,-1,3,1,2,-1]
  normalPerVertex TRUE
  normal DEF NORM_21 Normal { vector [
  0 0 1,0 0 1,
  0 0 1,0 0 1] }
}
}
DEF SHAPE_22 Shape {
 appearance USE APP_1
 geometry DEF FACE_22 IndexedFaceSet {
  coord DEF COORD_22 Coordinate { point [
  3.655 3.35 -0.155,3.655 0.2 -0.155,
  3.655 0.2 0.155,3.655 3.35 0.155] }
 coordIndex [
  3,0,1,-1,3,1,2,-1]
  normalPerVertex TRUE
  normal DEF NORM_22 Normal { vector [
  -1 0 0,-1 0 0,
  -1 0 0,-1 0 0] }
}
}
DEF SHAPE_23 Shape {
 appearance USE APP_1
 geometry DEF FACE_23 IndexedFaceSet {
  coord DEF COORD_23 Coordinate { point [
  3.655 3.35 0.155,3.655 0.2 0.155,
  3.345 0.2 0.155,3.345 3.35 0.155] }
 coordIndex [
  3,0,1,-1,3,1,2,-1]
  normalPerVertex TRUE
  normal DEF NORM_23 Normal { vector [
  0 0 -1,0 0 -1,
  0 0 -1,0 0 -1] }
}
}
DEF SHAPE_24 Shape {
 appearance USE APP_1
 geometry DEF FACE_24 IndexedFaceSet {
  coord DEF COORD_24 Coordinate { point [
  2.345 3.35 -0.155,2.345 0.2 -0.155,
  2.655 0.2 -0.155,2.655 3.35 -0.155] }
 coordIndex [
  3,0,1,-1,3,1,2,-1]
  normalPerVertex TRUE
  normal DEF NORM_24 Normal { vector [
  0 0 1,0 0 1,
  0 0 1,0 0 1] }
}
}
DEF SHAPE_25 Shape {
 appearance USE APP_1
 geometry DEF FACE_25 IndexedFaceSet {
  coord DEF COORD_25 Coordinate { point [
  2.655 3.35 -0.155,2.655 0.2 -0.155,
  2.655 0.2 0.155,2.655 3.35 0.155] }
 coordIndex [
  3,0,1,-1,3,1,2,-1]
  normalPerVertex TRUE
  normal DEF NORM_25 Normal { vector [
  -1 0 0,-1 0 0,
  -1 0 0,-1 0 0] }
}
}
DEF SHAPE_26 Shape {
 appearance USE APP_1
 geometry DEF FACE_26 IndexedFaceSet {
  coord DEF COORD_26 Coordinate { point [
  2.655 3.35 0.155,2.655 0.2 0.155,
  2.345 0.2 0.155,2.345 3.35 0.155] }
 coordIndex [
  3,0,1,-1,3,1,2,-1]
  normalPerVertex TRUE
  normal DEF NORM_26 Normal { vector [
  0 0 -1,0 0 -1,
  0 0 -1,0 0 -1] }
}
}
DEF SHAPE_27 Shape {
 appearance USE APP_1
 geometry DEF FACE_27 IndexedFaceSet {
  coord DEF COORD_27 Coordinate { point [
  1.345 3.35 -0.155,1.345 0.2 -0.155,
  1.655 0.2 -0.155,1.655 3.35 -0.155] }
 coordIndex [
  3,0,1,-1,3,1,2,-1]
  normalPerVertex TRUE
  normal DEF NORM_27 Normal { vector [
  0 0 1,0 0 1,
  0 0 1,0 0 1] }
}
}
DEF SHAPE_28 Shape {
 appearance USE APP_1
 geometry DEF FACE_28 IndexedFaceSet {
  coord DEF COORD_28 Coordinate { point [
  1.655 3.35 -0.155,1.655 0.2 -0.155,
  1.655 0.2 0.155,1.655 3.35 0.155] }
 coordIndex [
  3,0,1,-1,3,1,2,-1]
  normalPerVertex TRUE
  normal DEF NORM_28 Normal { vector [
  -1 0 0,-1 0 0,
  -1 0 0,-1 0 0] }
}
}
DEF SHAPE_29 Shape {
 appearance USE APP_1
 geometry DEF FACE_29 IndexedFaceSet {
  coord DEF COORD_29 Coordinate { point [
  1.655 3.35 0.155,1.655 0.2 0.155,
  1.345 0.2 0.155,1.345 3.35 0.155] }
 coordIndex [
  3,0,1,-1,3,1,2,-1]
  normalPerVertex TRUE
  normal DEF NORM_29 Normal { vector [
  0 0 -1,0 0 -1,
  0 0 -1,0 0 -1] }
}
}
DEF SHAPE_30 Shape {
 appearance USE APP_1
 geometry DEF FACE_30 IndexedFaceSet {
  coord DEF COORD_30 Coordinate { point [
  0.345 3.35 -0.155,0.345 0.2 -0.155,
  0.655 0.2 -0.155,0.655 3.35 -0.155] }
 coordIndex [
  3,0,1,-1,3,1,2,-1]
  normalPerVertex TRUE
  normal DEF NORM_30 Normal { vector [
  0 0 1,0 0 1,
  0 0 1,0 0 1] }
}
}
DEF SHAPE_31 Shape {
 appearance USE APP_1
 geometry DEF FACE_31 IndexedFaceSet {
  coord DEF COORD_31 Coordinate { point [
  0.655 3.35 -0.155,0.655 0.2 -0.155,
  0.655 0.2 0.155,0.655 3.35 0.155] }
 coordIndex [
  3,0,1,-1,3,1,2,-1]
  normalPerVertex TRUE
  normal DEF NORM_31 Normal { vector [
  -1 0 0,-1 0 0,
  -1 0 0,-1 0 0] }
}
}
DEF SHAPE_32 Shape {
 appearance USE APP_1
 geometry DEF FACE_32 IndexedFaceSet {
  coord DEF COORD_32 Coordinate { point [
  0.655 3.35 0.155,0.655 0.2 0.155,
  0.345 0.2 0.155,0.345 3.35 0.155] }
 coordIndex [
  3,0,1,-1,3,1,2,-1]
  normalPerVertex TRUE
  normal DEF NORM_32 Normal { vector [
  0 0 -1,0 0 -1,
  0 0 -1,0 0 -1] }
}
}
DEF SHAPE_33 Shape {
 appearance USE APP_1
 geometry DEF FACE_33 IndexedFaceSet {
  coord DEF COORD_33 Coordinate { point [
  -0.655 3.35 -0.155,-0.655 0.2 -0.155,
  -0.345 0.2 -0.155,-0.345 3.35 -0.155] }
 coordIndex [
  3,0,1,-1,3,1,2,-1]
  normalPerVertex TRUE
  normal DEF NORM_33 Normal { vector [
  0 0 1,0 0 1,
  0 0 1,0 0 1] }
}
}
DEF SHAPE_34 Shape {
 appearance USE APP_1
 geometry DEF FACE_34 IndexedFaceSet {
  coord DEF COORD_34 Coordinate { point [
  -0.345 3.35 -0.155,-0.345 0.2 -0.155,
  -0.345 0.2 0.155,-0.345 3.35 0.155] }
 coordIndex [
  3,0,1,-1,3,1,2,-1]
  normalPerVertex TRUE
  normal DEF NORM_34 Normal { vector [
  -1 0 0,-1 0 0,
  -1 0 0,-1 0 0] }
}
}
DEF SHAPE_35 Shape {
 appearance USE APP_1
 geometry DEF FACE_35 IndexedFaceSet {
  coord DEF COORD_35 Coordinate { point [
  -0.345 3.35 0.155,-0.345 0.2 0.155,
  -0.655 0.2 0.155,-0.655 3.35 0.155] }
 coordIndex [
  3,0,1,-1,3,1,2,-1]
  normalPerVertex TRUE
  normal DEF NORM_35 Normal { vector [
  0 0 -1,0 0 -1,
  0 0 -1,0 0 -1] }
}
}
DEF SHAPE_36 Shape {
 appearance USE APP_1
 geometry DEF FACE_36 IndexedFaceSet {
  coord DEF COORD_36 Coordinate { point [
  -1.655 3.35 -0.155,-1.655 0.2 -0.155,
  -1.345 0.2 -0.155,-1.345 3.35 -0.155] }
 coordIndex [
  3,0,1,-1,3,1,2,-1]
  normalPerVertex TRUE
  normal DEF NORM_36 Normal { vector [
  0 0 1,0 0 1,
  0 0 1,0 0 1] }
}
}
DEF SHAPE_37 Shape {
 appearance USE APP_1
 geometry DEF FACE_37 IndexedFaceSet {
  coord DEF COORD_37 Coordinate { point [
  -1.345 3.35 -0.155,-1.345 0.2 -0.155,
  -1.345 0.2 0.155,-1.345 3.35 0.155] }
 coordIndex [
  3,0,1,-1,3,1,2,-1]
  normalPerVertex TRUE
  normal DEF NORM_37 Normal { vector [
  -1 0 0,-1 0 0,
  -1 0 0,-1 0 0] }
}
}
DEF SHAPE_38 Shape {
 appearance USE APP_1
 geometry DEF FACE_38 IndexedFaceSet {
  coord DEF COORD_38 Coordinate { point [
  -1.345 3.35 0.155,-1.345 0.2 0.155,
  -1.655 0.2 0.155,-1.655 3.35 0.155] }
 coordIndex [
  3,0,1,-1,3,1,2,-1]
  normalPerVertex TRUE
  normal DEF NORM_38 Normal { vector [
  0 0 -1,0 0 -1,
  0 0 -1,0 0 -1] }
}
}
DEF SHAPE_39 Shape {
 appearance USE APP_1
 geometry DEF FACE_39 IndexedFaceSet {
  coord DEF COORD_39 Coordinate { point [
  -2.655 3.35 -0.155,-2.655 0.2 -0.155,
  -2.345 0.2 -0.155,-2.345 3.35 -0.155] }
 coordIndex [
  3,0,1,-1,3,1,2,-1]
  normalPerVertex TRUE
  normal DEF NORM_39 Normal { vector [
  0 0 1,0 0 1,
  0 0 1,0 0 1] }
}
}
DEF SHAPE_40 Shape {
 appearance USE APP_1
 geometry DEF FACE_40 IndexedFaceSet {
  coord DEF COORD_40 Coordinate { point [
  -2.345 3.35 -0.155,-2.345 0.2 -0.155,
  -2.345 0.2 0.155,-2.345 3.35 0.155] }
 coordIndex [
  3,0,1,-1,3,1,2,-1]
  normalPerVertex TRUE
  normal DEF NORM_40 Normal { vector [
  -1 0 0,-1 0 0,
  -1 0 0,-1 0 0] }
}
}
DEF SHAPE_41 Shape {
 appearance USE APP_1
 geometry DEF FACE_41 IndexedFaceSet {
  coord DEF COORD_41 Coordinate { point [
  -2.345 3.35 0.155,-2.345 0.2 0.155,
  -2.655 0.2 0.155,-2.655 3.35 0.155] }
 coordIndex [
  3,0,1,-1,3,1,2,-1]
  normalPerVertex TRUE
  normal DEF NORM_41 Normal { vector [
  0 0 -1,0 0 -1,
  0 0 -1,0 0 -1] }
}
}
DEF SHAPE_42 Shape {
 appearance USE APP_1
 geometry DEF FACE_42 IndexedFaceSet {
  coord DEF COORD_42 Coordinate { point [
  -3.655 3.35 -0.155,-3.655 0.2 -0.155,
  -3.345 0.2 -0.155,-3.345 3.35 -0.155] }
 coordIndex [
  3,0,1,-1,3,1,2,-1]
  normalPerVertex TRUE
  normal DEF NORM_42 Normal { vector [
  0 0 1,0 0 1,
  0 0 1,0 0 1] }
}
}
DEF SHAPE_43 Shape {
 appearance USE APP_1
 geometry DEF FACE_43 IndexedFaceSet {
  coord DEF COORD_43 Coordinate { point [
  -3.345 3.35 -0.155,-3.345 0.2 -0.155,
  -3.345 0.2 0.155,-3.345 3.35 0.155] }
 coordIndex [
  3,0,1,-1,3,1,2,-1]
  normalPerVertex TRUE
  normal DEF NORM_43 Normal { vector [
  -1 0 0,-1 0 0,
  -1 0 0,-1 0 0] }
}
}
DEF SHAPE_44 Shape {
 appearance USE APP_1
 geometry DEF FACE_44 IndexedFaceSet {
  coord DEF COORD_44 Coordinate { point [
  -3.345 3.35 0.155,-3.345 0.2 0.155,
  -3.655 0.2 0.155,-3.655 3.35 0.155] }
 coordIndex [
  3,0,1,-1,3,1,2,-1]
  normalPerVertex TRUE
  normal DEF NORM_44 Normal { vector [
  0 0 -1,0 0 -1,
  0 0 -1,0 0 -1] }
}
}
DEF SHAPE_45 Shape {
 appearance USE APP_1
 geometry DEF FACE_45 IndexedFaceSet {
  coord DEF COORD_45 Coordinate { point [
  -4.655 3.35 -0.155,-4.655 0.2 -0.155,
  -4.345 0.2 -0.155,-4.345 3.35 -0.155] }
 coordIndex [
  3,0,1,-1,3,1,2,-1]
  normalPerVertex TRUE
  normal DEF NORM_45 Normal { vector [
  0 0 1,0 0 1,
  0 0 1,0 0 1] }
}
}
DEF SHAPE_46 Shape {
 appearance USE APP_1
 geometry DEF FACE_46 IndexedFaceSet {
  coord DEF COORD_46 Coordinate { point [
  -4.345 3.35 -0.155,-4.345 0.2 -0.155,
  -4.345 0.2 0.155,-4.345 3.35 0.155] }
 coordIndex [
  3,0,1,-1,3,1,2,-1]
  normalPerVertex TRUE
  normal DEF NORM_46 Normal { vector [
  -1 0 0,-1 0 0,
  -1 0 0,-1 0 0] }
}
}
DEF SHAPE_47 Shape {
 appearance USE APP_1
 geometry DEF FACE_47 IndexedFaceSet {
  coord DEF COORD_47 Coordinate { point [
  -4.345 3.35 0.155,-4.345 0.2 0.155,
  -4.655 0.2 0.155,-4.655 3.35 0.155] }
 coordIndex [
  3,0,1,-1,3,1,2,-1]
  normalPerVertex TRUE
  normal DEF NORM_47 Normal { vector [
  0 0 -1,0 0 -1,
  0 0 -1,0 0 -1] }
}
}
DEF SHAPE_48 Shape {
 appearance USE APP_1
 geometry DEF FACE_48 IndexedFaceSet {
  coord DEF COORD_48 Coordinate { point [
  -5.655 3.35 -0.155,-5.655 0.2 -0.155,
  -5.345 0.2 -0.155,-5.345 3.35 -0.155] }
 coordIndex [
  3,0,1,-1,3,1,2,-1]
  normalPerVertex TRUE
  normal DEF NORM_48 Normal { vector [
  0 0 1,0 0 1,
  0 0 1,0 0 1] }
}
}
DEF SHAPE_49 Shape {
 appearance USE APP_1
 geometry DEF FACE_49 IndexedFaceSet {
  coord DEF COORD_49 Coordinate { point [
  -5.345 3.35 -0.155,-5.345 0.2 -0.155,
  -5.345 0.2 0.155,-5.345 3.35 0.155] }
 coordIndex [
  3,0,1,-1,3,1,2,-1]
  normalPerVertex TRUE
  normal DEF NORM_49 Normal { vector [
  -1 0 0,-1 0 0,
  -1 0 0,-1 0 0] }
}
}
DEF SHAPE_50 Shape {
 appearance USE APP_1
 geometry DEF FACE_50 IndexedFaceSet {
  coord DEF COORD_50 Coordinate { point [
  -5.345 3.35 0.155,-5.345 0.2 0.155,
  -5.655 0.2 0.155,-5.655 3.35 0.155] }
 coordIndex [
  3,0,1,-1,3,1,2,-1]
  normalPerVertex TRUE
  normal DEF NORM_50 Normal { vector [
  0 0 -1,0 0 -1,
  0 0 -1,0 0 -1] }
}
}
DEF SHAPE_51 Shape {
 appearance USE APP_1
 geometry DEF FACE_51 IndexedFaceSet {
  coord DEF COORD_51 Coordinate { point [
  -6.655 3.35 -0.155,-6.655 0.2 -0.155,
  -6.345 0.2 -0.155,-6.345 3.35 -0.155] }
 coordIndex [
  3,0,1,-1,3,1,2,-1]
  normalPerVertex TRUE
  normal DEF NORM_51 Normal { vector [
  0 0 1,0 0 1,
  0 0 1,0 0 1] }
}
}
DEF SHAPE_52 Shape {
 appearance USE APP_1
 geometry DEF FACE_52 IndexedFaceSet {
  coord DEF COORD_52 Coordinate { point [
  -6.345 3.35 -0.155,-6.345 0.2 -0.155,
  -6.345 0.2 0.155,-6.345 3.35 0.155] }
 coordIndex [
  3,0,1,-1,3,1,2,-1]
  normalPerVertex TRUE
  normal DEF NORM_52 Normal { vector [
  -1 0 0,-1 0 0,
  -1 0 0,-1 0 0] }
}
}
DEF SHAPE_53 Shape {
 appearance USE APP_1
 geometry DEF FACE_53 IndexedFaceSet {
  coord DEF COORD_53 Coordinate { point [
  -6.345 3.35 0.155,-6.345 0.2 0.155,
  -6.655 0.2 0.155,-6.655 3.35 0.155] }
 coordIndex [
  3,0,1,-1,3,1,2,-1]
  normalPerVertex TRUE
  normal DEF NORM_53 Normal { vector [
  0 0 -1,0 0 -1,
  0 0 -1,0 0 -1] }
}
}
DEF SHAPE_54 Shape {
 appearance USE APP_1
 geometry DEF FACE_54 IndexedFaceSet {
  coord DEF COORD_54 Coordinate { point [
  -7.655 3.35 -0.155,-7.655 0.2 -0.155,
  -7.345 0.2 -0.155,-7.345 3.35 -0.155] }
 coordIndex [
  3,0,1,-1,3,1,2,-1]
  normalPerVertex TRUE
  normal DEF NORM_54 Normal { vector [
  0 0 1,0 0 1,
  0 0 1,0 0 1] }
}
}
DEF SHAPE_55 Shape {
 appearance USE APP_1
 geometry DEF FACE_55 IndexedFaceSet {
  coord DEF COORD_55 Coordinate { point [
  -7.345 3.35 -0.155,-7.345 0.2 -0.155,
  -7.345 0.2 0.155,-7.345 3.35 0.155] }
 coordIndex [
  3,0,1,-1,3,1,2,-1]
  normalPerVertex TRUE
  normal DEF NORM_55 Normal { vector [
  -1 0 0,-1 0 0,
  -1 0 0,-1 0 0] }
}
}
DEF SHAPE_56 Shape {
 appearance USE APP_1
 geometry DEF FACE_56 IndexedFaceSet {
  coord DEF COORD_56 Coordinate { point [
  -7.345 3.35 0.155,-7.345 0.2 0.155,
  -7.655 0.2 0.155,-7.655 3.35 0.155] }
 coordIndex [
  3,0,1,-1,3,1,2,-1]
  normalPerVertex TRUE
  normal DEF NORM_56 Normal { vector [
  0 0 -1,0 0 -1,
  0 0 -1,0 0 -1] }
}
}
DEF SHAPE_57 Shape {
 appearance USE APP_1
 geometry DEF FACE_57 IndexedFaceSet {
  coord DEF COORD_57 Coordinate { point [
  -8.655 3.35 -0.155,-8.655 0.2 -0.155,
  -8.345 0.2 -0.155,-8.345 3.35 -0.155] }
 coordIndex [
  3,0,1,-1,3,1,2,-1]
  normalPerVertex TRUE
  normal DEF NORM_57 Normal { vector [
  0 0 1,0 0 1,
  0 0 1,0 0 1] }
}
}
DEF SHAPE_58 Shape {
 appearance USE APP_1
 geometry DEF FACE_58 IndexedFaceSet {
  coord DEF COORD_58 Coordinate { point [
  -8.345 3.35 -0.155,-8.345 0.2 -0.155,
  -8.345 0.2 0.155,-8.345 3.35 0.155] }
 coordIndex [
  3,0,1,-1,3,1,2,-1]
  normalPerVertex TRUE
  normal DEF NORM_58 Normal { vector [
  -1 0 0,-1 0 0,
  -1 0 0,-1 0 0] }
}
}
DEF SHAPE_59 Shape {
 appearance USE APP_1
 geometry DEF FACE_59 IndexedFaceSet {
  coord DEF COORD_59 Coordinate { point [
  -8.345 3.35 0.155,-8.345 0.2 0.155,
  -8.655 0.2 0.155,-8.655 3.35 0.155] }
 coordIndex [
  3,0,1,-1,3,1,2,-1]
  normalPerVertex TRUE
  normal DEF NORM_59 Normal { vector [
  0 0 -1,0 0 -1,
  0 0 -1,0 0 -1] }
}
}
DEF SHAPE_60 Shape {
 appearance USE APP_1
 geometry DEF FACE_60 IndexedFaceSet {
  coord DEF COORD_60 Coordinate { point [
  -9.655 3.35 -0.155,-9.655 0.2 -0.155,
  -9.345 0.2 -0.155,-9.345 3.35 -0.155] }
 coordIndex [
  3,0,1,-1,3,1,2,-1]
  normalPerVertex TRUE
  normal DEF NORM_60 Normal { vector [
  0 0 1,0 0 1,
  0 0 1,0 0 1] }
}
}
DEF SHAPE_61 Shape {
 appearance USE APP_1
 geometry DEF FACE_61 IndexedFaceSet {
  coord DEF COORD_61 Coordinate { point [
  -9.345 3.35 -0.155,-9.345 0.2 -0.155,
  -9.345 0.2 0.155,-9.345 3.35 0.155] }
 coordIndex [
  3,0,1,-1,3,1,2,-1]
  normalPerVertex TRUE
  normal DEF NORM_61 Normal { vector [
  -1 0 0,-1 0 0,
  -1 0 0,-1 0 0] }
}
}
DEF SHAPE_62 Shape {
 appearance USE APP_1
 geometry DEF FACE_62 IndexedFaceSet {
  coord DEF COORD_62 Coordinate { point [
  -9.345 3.35 0.155,-9.345 0.2 0.155,
  -9.655 0.2 0.155,-9.655 3.35 0.155] }
 coordIndex [
  3,0,1,-1,3,1,2,-1]
  normalPerVertex TRUE
  normal DEF NORM_62 Normal { vector [
  0 0 -1,0 0 -1,
  0 0 -1,0 0 -1] }
}
}
DEF SHAPE_63 Shape {
 appearance USE APP_1
 geometry DEF FACE_63 IndexedFaceSet {
  coord DEF COORD_63 Coordinate { point [
  9.345 3.35 0.155,9.345 0.2 0.155,
  9.345 0.2 -0.155,9.345 3.35 -0.155] }
 coordIndex [
  3,0,1,-1,3,1,2,-1]
  normalPerVertex TRUE
  normal DEF NORM_63 Normal { vector [
  1 0 0,1 0 0,
  1 0 0,1 0 0] }
}
}
DEF SHAPE_64 Shape {
 appearance USE APP_1
 geometry DEF FACE_64 IndexedFaceSet {
  coord DEF COORD_64 Coordinate { point [
  8.345 3.35 0.155,8.345 0.2 0.155,
  8.345 0.2 -0.155,8.345 3.35 -0.155] }
 coordIndex [
  3,0,1,-1,3,1,2,-1]
  normalPerVertex TRUE
  normal DEF NORM_64 Normal { vector [
  1 0 0,1 0 0,
  1 0 0,1 0 0] }
}
}
DEF SHAPE_65 Shape {
 appearance USE APP_1
 geometry DEF FACE_65 IndexedFaceSet {
  coord DEF COORD_65 Coordinate { point [
  7.345 3.35 0.155,7.345 0.2 0.155,
  7.345 0.2 -0.155,7.345 3.35 -0.155] }
 coordIndex [
  3,0,1,-1,3,1,2,-1]
  normalPerVertex TRUE
  normal DEF NORM_65 Normal { vector [
  1 0 0,1 0 0,
  1 0 0,1 0 0] }
}
}
DEF SHAPE_66 Shape {
 appearance USE APP_1
 geometry DEF FACE_66 IndexedFaceSet {
  coord DEF COORD_66 Coordinate { point [
  6.345 3.35 0.155,6.345 0.2 0.155,
  6.345 0.2 -0.155,6.345 3.35 -0.155] }
 coordIndex [
  3,0,1,-1,3,1,2,-1]
  normalPerVertex TRUE
  normal DEF NORM_66 Normal { vector [
  1 0 0,1 0 0,
  1 0 0,1 0 0] }
}
}
DEF SHAPE_67 Shape {
 appearance USE APP_1
 geometry DEF FACE_67 IndexedFaceSet {
  coord DEF COORD_67 Coordinate { point [
  5.345 3.35 0.155,5.345 0.2 0.155,
  5.345 0.2 -0.155,5.345 3.35 -0.155] }
 coordIndex [
  3,0,1,-1,3,1,2,-1]
  normalPerVertex TRUE
  normal DEF NORM_67 Normal { vector [
  1 0 0,1 0 0,
  1 0 0,1 0 0] }
}
}
DEF SHAPE_68 Shape {
 appearance USE APP_1
 geometry DEF FACE_68 IndexedFaceSet {
  coord DEF COORD_68 Coordinate { point [
  4.345 3.35 0.155,4.345 0.2 0.155,
  4.345 0.2 -0.155,4.345 3.35 -0.155] }
 coordIndex [
  3,0,1,-1,3,1,2,-1]
  normalPerVertex TRUE
  normal DEF NORM_68 Normal { vector [
  1 0 0,1 0 0,
  1 0 0,1 0 0] }
}
}
DEF SHAPE_69 Shape {
 appearance USE APP_1
 geometry DEF FACE_69 IndexedFaceSet {
  coord DEF COORD_69 Coordinate { point [
  3.345 3.35 0.155,3.345 0.2 0.155,
  3.345 0.2 -0.155,3.345 3.35 -0.155] }
 coordIndex [
  3,0,1,-1,3,1,2,-1]
  normalPerVertex TRUE
  normal DEF NORM_69 Normal { vector [
  1 0 0,1 0 0,
  1 0 0,1 0 0] }
}
}
DEF SHAPE_70 Shape {
 appearance USE APP_1
 geometry DEF FACE_70 IndexedFaceSet {
  coord DEF COORD_70 Coordinate { point [
  2.345 3.35 0.155,2.345 0.2 0.155,
  2.345 0.2 -0.155,2.345 3.35 -0.155] }
 coordIndex [
  3,0,1,-1,3,1,2,-1]
  normalPerVertex TRUE
  normal DEF NORM_70 Normal { vector [
  1 0 0,1 0 0,
  1 0 0,1 0 0] }
}
}
DEF SHAPE_71 Shape {
 appearance USE APP_1
 geometry DEF FACE_71 IndexedFaceSet {
  coord DEF COORD_71 Coordinate { point [
  1.345 3.35 0.155,1.345 0.2 0.155,
  1.345 0.2 -0.155,1.345 3.35 -0.155] }
 coordIndex [
  3,0,1,-1,3,1,2,-1]
  normalPerVertex TRUE
  normal DEF NORM_71 Normal { vector [
  1 0 0,1 0 0,
  1 0 0,1 0 0] }
}
}
DEF SHAPE_72 Shape {
 appearance USE APP_1
 geometry DEF FACE_72 IndexedFaceSet {
  coord DEF COORD_72 Coordinate { point [
  0.345 3.35 0.155,0.345 0.2 0.155,
  0.345 0.2 -0.155,0.345 3.35 -0.155] }
 coordIndex [
  3,0,1,-1,3,1,2,-1]
  normalPerVertex TRUE
  normal DEF NORM_72 Normal { vector [
  1 0 0,1 0 0,
  1 0 0,1 0 0] }
}
}
DEF SHAPE_73 Shape {
 appearance USE APP_1
 geometry DEF FACE_73 IndexedFaceSet {
  coord DEF COORD_73 Coordinate { point [
  -0.655 3.35 0.155,-0.655 0.2 0.155,
  -0.655 0.2 -0.155,-0.655 3.35 -0.155] }
 coordIndex [
  3,0,1,-1,3,1,2,-1]
  normalPerVertex TRUE
  normal DEF NORM_73 Normal { vector [
  1 0 0,1 0 0,
  1 0 0,1 0 0] }
}
}
DEF SHAPE_74 Shape {
 appearance USE APP_1
 geometry DEF FACE_74 IndexedFaceSet {
  coord DEF COORD_74 Coordinate { point [
  -1.655 3.35 0.155,-1.655 0.2 0.155,
  -1.655 0.2 -0.155,-1.655 3.35 -0.155] }
 coordIndex [
  3,0,1,-1,3,1,2,-1]
  normalPerVertex TRUE
  normal DEF NORM_74 Normal { vector [
  1 0 0,1 0 0,
  1 0 0,1 0 0] }
}
}
DEF SHAPE_75 Shape {
 appearance USE APP_1
 geometry DEF FACE_75 IndexedFaceSet {
  coord DEF COORD_75 Coordinate { point [
  -2.655 3.35 0.155,-2.655 0.2 0.155,
  -2.655 0.2 -0.155,-2.655 3.35 -0.155] }
 coordIndex [
  3,0,1,-1,3,1,2,-1]
  normalPerVertex TRUE
  normal DEF NORM_75 Normal { vector [
  1 0 0,1 0 0,
  1 0 0,1 0 0] }
}
}
DEF SHAPE_76 Shape {
 appearance USE APP_1
 geometry DEF FACE_76 IndexedFaceSet {
  coord DEF COORD_76 Coordinate { point [
  -3.655 3.35 0.155,-3.655 0.2 0.155,
  -3.655 0.2 -0.155,-3.655 3.35 -0.155] }
 coordIndex [
  3,0,1,-1,3,1,2,-1]
  normalPerVertex TRUE
  normal DEF NORM_76 Normal { vector [
  1 0 0,1 0 0,
  1 0 0,1 0 0] }
}
}
DEF SHAPE_77 Shape {
 appearance USE APP_1
 geometry DEF FACE_77 IndexedFaceSet {
  coord DEF COORD_77 Coordinate { point [
  -4.655 3.35 0.155,-4.655 0.2 0.155,
  -4.655 0.2 -0.155,-4.655 3.35 -0.155] }
 coordIndex [
  3,0,1,-1,3,1,2,-1]
  normalPerVertex TRUE
  normal DEF NORM_77 Normal { vector [
  1 0 0,1 0 0,
  1 0 0,1 0 0] }
}
}
DEF SHAPE_78 Shape {
 appearance USE APP_1
 geometry DEF FACE_78 IndexedFaceSet {
  coord DEF COORD_78 Coordinate { point [
  -5.655 3.35 0.155,-5.655 0.2 0.155,
  -5.655 0.2 -0.155,-5.655 3.35 -0.155] }
 coordIndex [
  3,0,1,-1,3,1,2,-1]
  normalPerVertex TRUE
  normal DEF NORM_78 Normal { vector [
  1 0 0,1 0 0,
  1 0 0,1 0 0] }
}
}
DEF SHAPE_79 Shape {
 appearance USE APP_1
 geometry DEF FACE_79 IndexedFaceSet {
  coord DEF COORD_79 Coordinate { point [
  -6.655 3.35 0.155,-6.655 0.2 0.155,
  -6.655 0.2 -0.155,-6.655 3.35 -0.155] }
 coordIndex [
  3,0,1,-1,3,1,2,-1]
  normalPerVertex TRUE
  normal DEF NORM_79 Normal { vector [
  1 0 0,1 0 0,
  1 0 0,1 0 0] }
}
}
DEF SHAPE_80 Shape {
 appearance USE APP_1
 geometry DEF FACE_80 IndexedFaceSet {
  coord DEF COORD_80 Coordinate { point [
  -7.655 3.35 0.155,-7.655 0.2 0.155,
  -7.655 0.2 -0.155,-7.655 3.35 -0.155] }
 coordIndex [
  3,0,1,-1,3,1,2,-1]
  normalPerVertex TRUE
  normal DEF NORM_80 Normal { vector [
  1 0 0,1 0 0,
  1 0 0,1 0 0] }
}
}
DEF SHAPE_81 Shape {
 appearance USE APP_1
 geometry DEF FACE_81 IndexedFaceSet {
  coord DEF COORD_81 Coordinate { point [
  -8.655 3.35 0.155,-8.655 0.2 0.155,
  -8.655 0.2 -0.155,-8.655 3.35 -0.155] }
 coordIndex [
  3,0,1,-1,3,1,2,-1]
  normalPerVertex TRUE
  normal DEF NORM_81 Normal { vector [
  1 0 0,1 0 0,
  1 0 0,1 0 0] }
}
}
DEF SHAPE_82 Shape {
 appearance USE APP_1
 geometry DEF FACE_82 IndexedFaceSet {
  coord DEF COORD_82 Coordinate { point [
  -9.655 3.35 0.155,-9.655 0.2 0.155,
  -9.655 0.2 -0.155,-9.655 3.35 -0.155] }
 coordIndex [
  3,0,1,-1,3,1,2,-1]
  normalPerVertex TRUE
  normal DEF NORM_82 Normal { vector [
  1 0 0,1 0 0,
  1 0 0,1 0 0] }
}
}
DEF SHAPE_83 Shape {
 appearance USE APP_1
 geometry DEF FACE_83 IndexedFaceSet {
  coord DEF COORD_83 Coordinate { point [
  -9.9 0 -0.475,-10.1 0 -0.475,
  -10.1 0 0.475,-9.9 0 0.475] }
 coordIndex [
  3,1,0,-1,3,2,1,-1]
  normalPerVertex TRUE
  normal DEF NORM_83 Normal { vector [
  0 -1 0,0 -1 0,
  0 -1 0,0 -1 0] }
}
}
DEF SHAPE_84 Shape {
 appearance USE APP_1
 geometry DEF FACE_84 IndexedFaceSet {
  coord DEF COORD_84 Coordinate { point [
  9.9 0 0.475,10.1 0 0.475,
  10.1 0 -0.475,9.9 0 -0.475] }
 coordIndex [
  1,3,2,-1,1,0,3,-1]
  normalPerVertex TRUE
  normal DEF NORM_84 Normal { vector [
  0 -1 0,0 -1 0,
  0 -1 0,0 -1 0] }
}
}
DEF SHAPE_85 Shape {
 appearance USE APP_1
 geometry DEF FACE_85 IndexedFaceSet {
  coord DEF COORD_85 Coordinate { point [
  9.1 0 -0.475,8.9 0 -0.475,
  8.9 0 0.475,9.1 0 0.475] }
 coordIndex [
  3,1,0,-1,3,2,1,-1]
  normalPerVertex TRUE
  normal DEF NORM_85 Normal { vector [
  0 -1 0,0 -1 0,
  0 -1 0,0 -1 0] }
}
}
DEF SHAPE_86 Shape {
 appearance USE APP_1
 geometry DEF FACE_86 IndexedFaceSet {
  coord DEF COORD_86 Coordinate { point [
  8.1 0 -0.475,7.9 0 -0.475,
  7.9 0 0.475,8.1 0 0.475] }
 coordIndex [
  3,1,0,-1,3,2,1,-1]
  normalPerVertex TRUE
  normal DEF NORM_86 Normal { vector [
  0 -1 0,0 -1 0,
  0 -1 0,0 -1 0] }
}
}
DEF SHAPE_87 Shape {
 appearance USE APP_1
 geometry DEF FACE_87 IndexedFaceSet {
  coord DEF COORD_87 Coordinate { point [
  7.1 0 -0.475,6.9 0 -0.475,
  6.9 0 0.475,7.1 0 0.475] }
 coordIndex [
  3,1,0,-1,3,2,1,-1]
  normalPerVertex TRUE
  normal DEF NORM_87 Normal { vector [
  0 -1 0,0 -1 0,
  0 -1 0,0 -1 0] }
}
}
DEF SHAPE_88 Shape {
 appearance USE APP_1
 geometry DEF FACE_88 IndexedFaceSet {
  coord DEF COORD_88 Coordinate { point [
  6.1 0 -0.475,5.9 0 -0.475,
  5.9 0 0.475,6.1 0 0.475] }
 coordIndex [
  3,1,0,-1,3,2,1,-1]
  normalPerVertex TRUE
  normal DEF NORM_88 Normal { vector [
  0 -1 0,0 -1 0,
  0 -1 0,0 -1 0] }
}
}
DEF SHAPE_89 Shape {
 appearance USE APP_1
 geometry DEF FACE_89 IndexedFaceSet {
  coord DEF COORD_89 Coordinate { point [
  5.1 0 -0.475,4.9 0 -0.475,
  4.9 0 0.475,5.1 0 0.475] }
 coordIndex [
  3,1,0,-1,3,2,1,-1]
  normalPerVertex TRUE
  normal DEF NORM_89 Normal { vector [
  0 -1 0,0 -1 0,
  0 -1 0,0 -1 0] }
}
}
DEF SHAPE_90 Shape {
 appearance USE APP_1
 geometry DEF FACE_90 IndexedFaceSet {
  coord DEF COORD_90 Coordinate { point [
  4.1 0 -0.475,3.9 0 -0.475,
  3.9 0 0.475,4.1 0 0.475] }
 coordIndex [
  3,1,0,-1,3,2,1,-1]
  normalPerVertex TRUE
  normal DEF NORM_90 Normal { vector [
  0 -1 0,0 -1 0,
  0 -1 0,0 -1 0] }
}
}
DEF SHAPE_91 Shape {
 appearance USE APP_1
 geometry DEF FACE_91 IndexedFaceSet {
  coord DEF COORD_91 Coordinate { point [
  3.1 0 -0.475,2.9 0 -0.475,
  2.9 0 0.475,3.1 0 0.475] }
 coordIndex [
  3,1,0,-1,3,2,1,-1]
  normalPerVertex TRUE
  normal DEF NORM_91 Normal { vector [
  0 -1 0,0 -1 0,
  0 -1 0,0 -1 0] }
}
}
DEF SHAPE_92 Shape {
 appearance USE APP_1
 geometry DEF FACE_92 IndexedFaceSet {
  coord DEF COORD_92 Coordinate { point [
  2.1 0 -0.475,1.9 0 -0.475,
  1.9 0 0.475,2.1 0 0.475] }
 coordIndex [
  3,1,0,-1,3,2,1,-1]
  normalPerVertex TRUE
  normal DEF NORM_92 Normal { vector [
  0 -1 0,0 -1 0,
  0 -1 0,0 -1 0] }
}
}
DEF SHAPE_93 Shape {
 appearance USE APP_1
 geometry DEF FACE_93 IndexedFaceSet {
  coord DEF COORD_93 Coordinate { point [
  1.1 0 -0.475,0.9 0 -0.475,
  0.9 0 0.475,1.1 0 0.475] }
 coordIndex [
  3,1,0,-1,3,2,1,-1]
  normalPerVertex TRUE
  normal DEF NORM_93 Normal { vector [
  0 -1 0,0 -1 0,
  0 -1 0,0 -1 0] }
}
}
DEF SHAPE_94 Shape {
 appearance USE APP_1
 geometry DEF FACE_94 IndexedFaceSet {
  coord DEF COORD_94 Coordinate { point [
  0.1 0 -0.475,-0.1 0 -0.475,
  -0.1 0 0.475,0.1 0 0.475] }
 coordIndex [
  3,1,0,-1,3,2,1,-1]
  normalPerVertex TRUE
  normal DEF NORM_94 Normal { vector [
  0 -1 0,0 -1 0,
  0 -1 0,0 -1 0] }
}
}
DEF SHAPE_95 Shape {
 appearance USE APP_1
 geometry DEF FACE_95 IndexedFaceSet {
  coord DEF COORD_95 Coordinate { point [
  -0.9 0 -0.475,-1.1 0 -0.475,
  -1.1 0 0.475,-0.9 0 0.475] }
 coordIndex [
  3,1,0,-1,3,2,1,-1]
  normalPerVertex TRUE
  normal DEF NORM_95 Normal { vector [
  0 -1 0,0 -1 0,
  0 -1 0,0 -1 0] }
}
}
DEF SHAPE_96 Shape {
 appearance USE APP_1
 geometry DEF FACE_96 IndexedFaceSet {
  coord DEF COORD_96 Coordinate { point [
  -1.9 0 -0.475,-2.1 0 -0.475,
  -2.1 0 0.475,-1.9 0 0.475] }
 coordIndex [
  3,1,0,-1,3,2,1,-1]
  normalPerVertex TRUE
  normal DEF NORM_96 Normal { vector [
  0 -1 0,0 -1 0,
  0 -1 0,0 -1 0] }
}
}
DEF SHAPE_97 Shape {
 appearance USE APP_1
 geometry DEF FACE_97 IndexedFaceSet {
  coord DEF COORD_97 Coordinate { point [
  -2.9 0 -0.475,-3.1 0 -0.475,
  -3.1 0 0.475,-2.9 0 0.475] }
 coordIndex [
  3,1,0,-1,3,2,1,-1]
  normalPerVertex TRUE
  normal DEF NORM_97 Normal { vector [
  0 -1 0,0 -1 0,
  0 -1 0,0 -1 0] }
}
}
DEF SHAPE_98 Shape {
 appearance USE APP_1
 geometry DEF FACE_98 IndexedFaceSet {
  coord DEF COORD_98 Coordinate { point [
  -3.9 0 -0.475,-4.1 0 -0.475,
  -4.1 0 0.475,-3.9 0 0.475] }
 coordIndex [
  3,1,0,-1,3,2,1,-1]
  normalPerVertex TRUE
  normal DEF NORM_98 Normal { vector [
  0 -1 0,0 -1 0,
  0 -1 0,0 -1 0] }
}
}
DEF SHAPE_99 Shape {
 appearance USE APP_1
 geometry DEF FACE_99 IndexedFaceSet {
  coord DEF COORD_99 Coordinate { point [
  -4.9 0 -0.475,-5.1 0 -0.475,
  -5.1 0 0.475,-4.9 0 0.475] }
 coordIndex [
  3,1,0,-1,3,2,1,-1]
  normalPerVertex TRUE
  normal DEF NORM_99 Normal { vector [
  0 -1 0,0 -1 0,
  0 -1 0,0 -1 0] }
}
}
DEF SHAPE_100 Shape {
 appearance USE APP_1
 geometry DEF FACE_100 IndexedFaceSet {
  coord DEF COORD_100 Coordinate { point [
  -5.9 0 -0.475,-6.1 0 -0.475,
  -6.1 0 0.475,-5.9 0 0.475] }
 coordIndex [
  3,1,0,-1,3,2,1,-1]
  normalPerVertex TRUE
  normal DEF NORM_100 Normal { vector [
  0 -1 0,0 -1 0,
  0 -1 0,0 -1 0] }
}
}
DEF SHAPE_101 Shape {
 appearance USE APP_1
 geometry DEF FACE_101 IndexedFaceSet {
  coord DEF COORD_101 Coordinate { point [
  -6.9 0 -0.475,-7.1 0 -0.475,
  -7.1 0 0.475,-6.9 0 0.475] }
 coordIndex [
  3,1,0,-1,3,2,1,-1]
  normalPerVertex TRUE
  normal DEF NORM_101 Normal { vector [
  0 -1 0,0 -1 0,
  0 -1 0,0 -1 0] }
}
}
DEF SHAPE_102 Shape {
 appearance USE APP_1
 geometry DEF FACE_102 IndexedFaceSet {
  coord DEF COORD_102 Coordinate { point [
  -7.9 0 -0.475,-8.1 0 -0.475,
  -8.1 0 0.475,-7.9 0 0.475] }
 coordIndex [
  3,1,0,-1,3,2,1,-1]
  normalPerVertex TRUE
  normal DEF NORM_102 Normal { vector [
  0 -1 0,0 -1 0,
  0 -1 0,0 -1 0] }
}
}
DEF SHAPE_103 Shape {
 appearance USE APP_1
 geometry DEF FACE_103 IndexedFaceSet {
  coord DEF COORD_103 Coordinate { point [
  -8.9 0 -0.475,-9.1 0 -0.475,
  -9.1 0 0.475,-8.9 0 0.475] }
 coordIndex [
  3,1,0,-1,3,2,1,-1]
  normalPerVertex TRUE
  normal DEF NORM_103 Normal { vector [
  0 -1 0,0 -1 0,
  0 -1 0,0 -1 0] }
}
}
DEF SHAPE_104 Shape {
 appearance USE APP_1
 geometry DEF FACE_104 IndexedFaceSet {
  coord DEF COORD_104 Coordinate { point [
  -10.1 3.35 -0.475,-10.1 0 -0.475,
  -10.1 3.35 0.475,-10.1 0 0.475] }
 coordIndex [
  0,3,2,-1,0,1,3,-1]
  normalPerVertex TRUE
  normal DEF NORM_104 Normal { vector [
  -1 0 0,-1 0 0,
  -1 0 0,-1 0 0] }
}
}
DEF SHAPE_105 Shape {
 appearance USE APP_1
 geometry DEF FACE_105 IndexedFaceSet {
  coord DEF COORD_105 Coordinate { point [
  10.1 3.35 0.475,10.1 0 0.475,
  10.1 3.35 -0.475,10.1 0 -0.475] }
 coordIndex [
  0,3,2,-1,0,1,3,-1]
  normalPerVertex TRUE
  normal DEF NORM_105 Normal { vector [
  1 0 0,1 0 0,
  1 0 0,1 0 0] }
}
}
DEF SHAPE_106 Shape {
 appearance USE APP_1
 geometry DEF FACE_106 IndexedFaceSet {
  coord DEF COORD_106 Coordinate { point [
  10.1 3.35 -0.475,-10.1 3.35 -0.475,
  -10.1 3.35 0.475,10.1 3.35 0.475,
  -9.345 3.35 -0.155,-9.655 3.35 -0.155,
  -9.345 3.35 0.155,-9.655 3.35 0.155,
  -8.345 3.35 -0.155,-8.655 3.35 -0.155,
  -8.345 3.35 0.155,-8.655 3.35 0.155,
  -7.345 3.35 -0.155,-7.655 3.35 -0.155,
  -7.345 3.35 0.155,-7.655 3.35 0.155,
  -6.345 3.35 -0.155,-6.655 3.35 -0.155,
  -6.345 3.35 0.155,-6.655 3.35 0.155,
  -5.345 3.35 -0.155,-5.655 3.35 -0.155,
  -5.345 3.35 0.155,-5.655 3.35 0.155,
  -4.345 3.35 -0.155,-4.655 3.35 -0.155,
  -4.345 3.35 0.155,-4.655 3.35 0.155,
  -3.345 3.35 -0.155,-3.655 3.35 -0.155,
  -3.345 3.35 0.155,-3.655 3.35 0.155,
  -2.345 3.35 -0.155,-2.655 3.35 -0.155,
  -2.345 3.35 0.155,-2.655 3.35 0.155,
  -1.345 3.35 -0.155,-1.655 3.35 -0.155,
  -1.345 3.35 0.155,-1.655 3.35 0.155,
  -0.345 3.35 -0.155,-0.655 3.35 -0.155,
  -0.345 3.35 0.155,-0.655 3.35 0.155,
  0.655 3.35 -0.155,0.345 3.35 -0.155,
  0.655 3.35 0.155,0.345 3.35 0.155,
  1.655 3.35 -0.155,1.345 3.35 -0.155,
  1.655 3.35 0.155,1.345 3.35 0.155,
  2.655 3.35 -0.155,2.345 3.35 -0.155,
  2.655 3.35 0.155,2.345 3.35 0.155,
  3.655 3.35 -0.155,3.345 3.35 -0.155,
  3.655 3.35 0.155,3.345 3.35 0.155,
  4.655 3.35 -0.155,4.345 3.35 -0.155,
  4.655 3.35 0.155,4.345 3.35 0.155,
  5.655 3.35 -0.155,5.345 3.35 -0.155,
  5.655 3.35 0.155,5.345 3.35 0.155,
  6.655 3.35 -0.155,6.345 3.35 -0.155,
  6.655 3.35 0.155,6.345 3.35 0.155,
  7.655 3.35 -0.155,7.345 3.35 -0.155,
  7.655 3.35 0.155,7.345 3.35 0.155,
  8.655 3.35 -0.155,8.345 3.35 -0.155,
  8.655 3.35 0.155,8.345 3.35 0.155,
  9.655 3.35 -0.155,9.345 3.35 -0.155,
  9.655 3.35 0.155,9.345 3.35 0.155] }
 coordIndex [
  4,1,5,-1,7,1,2,-1,7,5,1,-1,6,7,2,-1,9,1,4,-1,8,1,9,-1,11,4,6,-1,11,9,4,-1,
  11,6,2,-1,10,11,2,-1,13,1,8,-1,12,1,13,-1,15,13,8,-1,15,8,10,-1,15,10,2,-1,14,15,2,-1,
  19,17,12,-1,19,12,14,-1,21,16,18,-1,23,21,18,-1,27,20,22,-1,27,25,20,-1,31,24,26,-1,31,29,24,-1,
  35,28,30,-1,35,33,28,-1,39,32,34,-1,39,37,32,-1,43,36,38,-1,43,41,36,-1,47,40,42,-1,47,45,40,-1,
  51,44,46,-1,51,49,44,-1,55,48,50,-1,55,53,48,-1,59,52,54,-1,59,57,52,-1,63,61,56,-1,63,56,58,-1,
  67,65,60,-1,67,60,62,-1,71,69,64,-1,71,64,66,-1,75,73,68,-1,75,68,70,-1,79,77,72,-1,79,72,74,-1,
  83,81,76,-1,83,76,78,-1,0,68,73,-1,0,72,77,-1,0,76,81,-1,0,73,72,-1,0,77,76,-1,0,81,80,-1,
  3,75,70,-1,3,79,74,-1,3,83,78,-1,3,0,80,-1,3,74,75,-1,3,78,79,-1,3,80,82,-1,3,82,83,-1,
  0,1,12,-1,0,12,17,-1,0,17,16,-1,0,16,21,-1,0,21,20,-1,0,20,25,-1,0,25,24,-1,0,24,29,-1,
  0,29,28,-1,0,28,33,-1,0,33,32,-1,0,32,37,-1,0,37,36,-1,0,36,41,-1,0,41,40,-1,0,40,45,-1,
  0,45,44,-1,0,44,49,-1,0,49,48,-1,0,48,53,-1,0,53,52,-1,0,52,57,-1,0,57,56,-1,0,56,61,-1,
  0,61,60,-1,0,60,65,-1,0,65,64,-1,0,64,69,-1,0,69,68,-1,2,3,70,-1,2,70,71,-1,2,71,66,-1,
  2,66,67,-1,2,67,62,-1,2,62,63,-1,2,63,58,-1,2,58,59,-1,2,59,54,-1,2,54,55,-1,2,55,50,-1,
  2,50,51,-1,2,51,46,-1,2,46,47,-1,2,47,42,-1,2,42,43,-1,2,43,38,-1,2,38,39,-1,2,39,34,-1,
  2,34,35,-1,2,35,30,-1,2,30,31,-1,2,31,26,-1,2,26,27,-1,2,27,22,-1,2,22,23,-1,2,23,18,-1,
  2,18,19,-1,2,19,14,-1]
  normalPerVertex TRUE
  normal DEF NORM_106 Normal { vector [
  0 1 0,0 1 0,
  0 1 0,0 1 0,
  0 1 0,0 1 0,
  0 1 0,0 1 0,
  0 1 0,0 1 0,
  0 1 0,0 1 0,
  0 1 0,0 1 0,
  0 1 0,0 1 0,
  0 1 0,0 1 0,
  0 1 0,0 1 0,
  0 1 0,0 1 0,
  0 1 0,0 1 0,
  0 1 0,0 1 0,
  0 1 0,0 1 0,
  0 1 0,0 1 0,
  0 1 0,0 1 0,
  0 1 0,0 1 0,
  0 1 0,0 1 0,
  0 1 0,0 1 0,
  0 1 0,0 1 0,
  0 1 0,0 1 0,
  0 1 0,0 1 0,
  0 1 0,0 1 0,
  0 1 0,0 1 0,
  0 1 0,0 1 0,
  0 1 0,0 1 0,
  0 1 0,0 1 0,
  0 1 0,0 1 0,
  0 1 0,0 1 0,
  0 1 0,0 1 0,
  0 1 0,0 1 0,
  0 1 0,0 1 0,
  0 1 0,0 1 0,
  0 1 0,0 1 0,
  0 1 0,0 1 0,
  0 1 0,0 1 0,
  0 1 0,0 1 0,
  0 1 0,0 1 0,
  0 1 0,0 1 0,
  0 1 0,0 1 0,
  0 1 0,0 1 0,
  0 1 0,0 1 0] }
}
}
DEF SHAPE_107 Shape {
 appearance USE APP_1
 geometry DEF FACE_107 IndexedFaceSet {
  coord DEF COORD_107 Coordinate { point [
  -9.1 0.2 -0.475,-9.1 0 -0.475,
  -9.1 0 0.475,-9.1 0.2 0.475] }
 coordIndex [
  3,0,1,-1,3,1,2,-1]
  normalPerVertex TRUE
  normal DEF NORM_107 Normal { vector [
  -1 0 0,-1 0 0,
  -1 0 0,-1 0 0] }
}
}
DEF SHAPE_108 Shape {
 appearance USE APP_1
 geometry DEF FACE_108 IndexedFaceSet {
  coord DEF COORD_108 Coordinate { point [
  -9.9 0 -0.475,-9.9 0.2 -0.475,
  -9.9 0.2 0.475,-9.9 0 0.475] }
 coordIndex [
  1,2,3,-1,1,3,0,-1]
  normalPerVertex TRUE
  normal DEF NORM_108 Normal { vector [
  1 0 0,1 0 0,
  1 0 0,1 0 0] }
}
}
DEF SHAPE_109 Shape {
 appearance USE APP_1
 geometry DEF FACE_109 IndexedFaceSet {
  coord DEF COORD_109 Coordinate { point [
  -9.9 0.2 -0.475,-9.1 0.2 -0.475,
  -9.1 0.2 0.475,-9.9 0.2 0.475,
  -9.655 0.2 0.155,-9.655 0.2 -0.155,
  -9.345 0.2 0.155,-9.345 0.2 -0.155] }
 coordIndex [
  6,2,3,-1,6,3,4,-1,0,5,4,-1,0,4,3,-1,7,5,0,-1,1,6,7,-1,1,2,6,-1,1,7,0,-1]
  normalPerVertex TRUE
  normal DEF NORM_109 Normal { vector [
  0 -1 0,0 -1 0,
  0 -1 0,0 -1 0,
  0 -1 0,0 -1 0,
  0 -1 0,0 -1 0] }
}
}
DEF SHAPE_110 Shape {
 appearance USE APP_1
 geometry DEF FACE_110 IndexedFaceSet {
  coord DEF COORD_110 Coordinate { point [
  -8.1 0.2 -0.475,-8.1 0 -0.475,
  -8.1 0 0.475,-8.1 0.2 0.475] }
 coordIndex [
  3,0,1,-1,3,1,2,-1]
  normalPerVertex TRUE
  normal DEF NORM_110 Normal { vector [
  -1 0 0,-1 0 0,
  -1 0 0,-1 0 0] }
}
}
DEF SHAPE_111 Shape {
 appearance USE APP_1
 geometry DEF FACE_111 IndexedFaceSet {
  coord DEF COORD_111 Coordinate { point [
  -8.9 0 -0.475,-8.9 0.2 -0.475,
  -8.9 0.2 0.475,-8.9 0 0.475] }
 coordIndex [
  1,2,3,-1,1,3,0,-1]
  normalPerVertex TRUE
  normal DEF NORM_111 Normal { vector [
  1 0 0,1 0 0,
  1 0 0,1 0 0] }
}
}
DEF SHAPE_112 Shape {
 appearance USE APP_1
 geometry DEF FACE_112 IndexedFaceSet {
  coord DEF COORD_112 Coordinate { point [
  -8.9 0.2 -0.475,-8.1 0.2 -0.475,
  -8.1 0.2 0.475,-8.9 0.2 0.475,
  -8.655 0.2 0.155,-8.655 0.2 -0.155,
  -8.345 0.2 0.155,-8.345 0.2 -0.155] }
 coordIndex [
  6,2,3,-1,6,3,4,-1,0,5,4,-1,0,4,3,-1,7,5,0,-1,1,6,7,-1,1,2,6,-1,1,7,0,-1]
  normalPerVertex TRUE
  normal DEF NORM_112 Normal { vector [
  0 -1 0,0 -1 0,
  0 -1 0,0 -1 0,
  0 -1 0,0 -1 0,
  0 -1 0,0 -1 0] }
}
}
DEF SHAPE_113 Shape {
 appearance USE APP_1
 geometry DEF FACE_113 IndexedFaceSet {
  coord DEF COORD_113 Coordinate { point [
  -7.1 0.2 -0.475,-7.1 0 -0.475,
  -7.1 0 0.475,-7.1 0.2 0.475] }
 coordIndex [
  3,0,1,-1,3,1,2,-1]
  normalPerVertex TRUE
  normal DEF NORM_113 Normal { vector [
  -1 0 0,-1 0 0,
  -1 0 0,-1 0 0] }
}
}
DEF SHAPE_114 Shape {
 appearance USE APP_1
 geometry DEF FACE_114 IndexedFaceSet {
  coord DEF COORD_114 Coordinate { point [
  -7.9 0 -0.475,-7.9 0.2 -0.475,
  -7.9 0.2 0.475,-7.9 0 0.475] }
 coordIndex [
  1,2,3,-1,1,3,0,-1]
  normalPerVertex TRUE
  normal DEF NORM_114 Normal { vector [
  1 0 0,1 0 0,
  1 0 0,1 0 0] }
}
}
DEF SHAPE_115 Shape {
 appearance USE APP_1
 geometry DEF FACE_115 IndexedFaceSet {
  coord DEF COORD_115 Coordinate { point [
  -7.9 0.2 -0.475,-7.1 0.2 -0.475,
  -7.1 0.2 0.475,-7.9 0.2 0.475,
  -7.655 0.2 0.155,-7.655 0.2 -0.155,
  -7.345 0.2 0.155,-7.345 0.2 -0.155] }
 coordIndex [
  6,2,3,-1,6,3,4,-1,0,5,4,-1,0,4,3,-1,7,5,0,-1,1,6,7,-1,1,2,6,-1,1,7,0,-1]
  normalPerVertex TRUE
  normal DEF NORM_115 Normal { vector [
  0 -1 0,0 -1 0,
  0 -1 0,0 -1 0,
  0 -1 0,0 -1 0,
  0 -1 0,0 -1 0] }
}
}
DEF SHAPE_116 Shape {
 appearance USE APP_1
 geometry DEF FACE_116 IndexedFaceSet {
  coord DEF COORD_116 Coordinate { point [
  -6.1 0.2 -0.475,-6.1 0 -0.475,
  -6.1 0 0.475,-6.1 0.2 0.475] }
 coordIndex [
  3,0,1,-1,3,1,2,-1]
  normalPerVertex TRUE
  normal DEF NORM_116 Normal { vector [
  -1 0 0,-1 0 0,
  -1 0 0,-1 0 0] }
}
}
DEF SHAPE_117 Shape {
 appearance USE APP_1
 geometry DEF FACE_117 IndexedFaceSet {
  coord DEF COORD_117 Coordinate { point [
  -6.9 0 -0.475,-6.9 0.2 -0.475,
  -6.9 0.2 0.475,-6.9 0 0.475] }
 coordIndex [
  1,2,3,-1,1,3,0,-1]
  normalPerVertex TRUE
  normal DEF NORM_117 Normal { vector [
  1 0 0,1 0 0,
  1 0 0,1 0 0] }
}
}
DEF SHAPE_118 Shape {
 appearance USE APP_1
 geometry DEF FACE_118 IndexedFaceSet {
  coord DEF COORD_118 Coordinate { point [
  -6.9 0.2 -0.475,-6.1 0.2 -0.475,
  -6.1 0.2 0.475,-6.9 0.2 0.475,
  -6.655 0.2 0.155,-6.655 0.2 -0.155,
  -6.345 0.2 0.155,-6.345 0.2 -0.155] }
 coordIndex [
  6,2,3,-1,6,3,4,-1,0,5,4,-1,0,4,3,-1,7,5,0,-1,1,6,7,-1,1,2,6,-1,1,7,0,-1]
  normalPerVertex TRUE
  normal DEF NORM_118 Normal { vector [
  0 -1 0,0 -1 0,
  0 -1 0,0 -1 0,
  0 -1 0,0 -1 0,
  0 -1 0,0 -1 0] }
}
}
DEF SHAPE_119 Shape {
 appearance USE APP_1
 geometry DEF FACE_119 IndexedFaceSet {
  coord DEF COORD_119 Coordinate { point [
  -5.1 0.2 -0.475,-5.1 0 -0.475,
  -5.1 0 0.475,-5.1 0.2 0.475] }
 coordIndex [
  3,0,1,-1,3,1,2,-1]
  normalPerVertex TRUE
  normal DEF NORM_119 Normal { vector [
  -1 0 0,-1 0 0,
  -1 0 0,-1 0 0] }
}
}
DEF SHAPE_120 Shape {
 appearance USE APP_1
 geometry DEF FACE_120 IndexedFaceSet {
  coord DEF COORD_120 Coordinate { point [
  -5.9 0 -0.475,-5.9 0.2 -0.475,
  -5.9 0.2 0.475,-5.9 0 0.475] }
 coordIndex [
  1,2,3,-1,1,3,0,-1]
  normalPerVertex TRUE
  normal DEF NORM_120 Normal { vector [
  1 0 0,1 0 0,
  1 0 0,1 0 0] }
}
}
DEF SHAPE_121 Shape {
 appearance USE APP_1
 geometry DEF FACE_121 IndexedFaceSet {
  coord DEF COORD_121 Coordinate { point [
  -5.9 0.2 -0.475,-5.1 0.2 -0.475,
  -5.1 0.2 0.475,-5.9 0.2 0.475,
  -5.655 0.2 0.155,-5.655 0.2 -0.155,
  -5.345 0.2 0.155,-5.345 0.2 -0.155] }
 coordIndex [
  6,2,3,-1,6,3,4,-1,0,5,4,-1,0,4,3,-1,1,6,7,-1,1,7,5,-1,1,2,6,-1,1,5,0,-1]
  normalPerVertex TRUE
  normal DEF NORM_121 Normal { vector [
  0 -1 0,0 -1 0,
  0 -1 0,0 -1 0,
  0 -1 0,0 -1 0,
  0 -1 0,0 -1 0] }
}
}
DEF SHAPE_122 Shape {
 appearance USE APP_1
 geometry DEF FACE_122 IndexedFaceSet {
  coord DEF COORD_122 Coordinate { point [
  -4.1 0.2 -0.475,-4.1 0 -0.475,
  -4.1 0 0.475,-4.1 0.2 0.475] }
 coordIndex [
  3,0,1,-1,3,1,2,-1]
  normalPerVertex TRUE
  normal DEF NORM_122 Normal { vector [
  -1 0 0,-1 0 0,
  -1 0 0,-1 0 0] }
}
}
DEF SHAPE_123 Shape {
 appearance USE APP_1
 geometry DEF FACE_123 IndexedFaceSet {
  coord DEF COORD_123 Coordinate { point [
  -4.9 0 -0.475,-4.9 0.2 -0.475,
  -4.9 0.2 0.475,-4.9 0 0.475] }
 coordIndex [
  1,2,3,-1,1,3,0,-1]
  normalPerVertex TRUE
  normal DEF NORM_123 Normal { vector [
  1 0 0,1 0 0,
  1 0 0,1 0 0] }
}
}
DEF SHAPE_124 Shape {
 appearance USE APP_1
 geometry DEF FACE_124 IndexedFaceSet {
  coord DEF COORD_124 Coordinate { point [
  -4.9 0.2 -0.475,-4.1 0.2 -0.475,
  -4.1 0.2 0.475,-4.9 0.2 0.475,
  -4.655 0.2 0.155,-4.655 0.2 -0.155,
  -4.345 0.2 0.155,-4.345 0.2 -0.155] }
 coordIndex [
  6,2,3,-1,6,3,4,-1,0,5,4,-1,0,4,3,-1,7,5,0,-1,1,6,7,-1,1,2,6,-1,1,7,0,-1]
  normalPerVertex TRUE
  normal DEF NORM_124 Normal { vector [
  0 -1 0,0 -1 0,
  0 -1 0,0 -1 0,
  0 -1 0,0 -1 0,
  0 -1 0,0 -1 0] }
}
}
DEF SHAPE_125 Shape {
 appearance USE APP_1
 geometry DEF FACE_125 IndexedFaceSet {
  coord DEF COORD_125 Coordinate { point [
  -3.1 0.2 -0.475,-3.1 0 -0.475,
  -3.1 0 0.475,-3.1 0.2 0.475] }
 coordIndex [
  3,0,1,-1,3,1,2,-1]
  normalPerVertex TRUE
  normal DEF NORM_125 Normal { vector [
  -1 0 0,-1 0 0,
  -1 0 0,-1 0 0] }
}
}
DEF SHAPE_126 Shape {
 appearance USE APP_1
 geometry DEF FACE_126 IndexedFaceSet {
  coord DEF COORD_126 Coordinate { point [
  -3.9 0 -0.475,-3.9 0.2 -0.475,
  -3.9 0.2 0.475,-3.9 0 0.475] }
 coordIndex [
  1,2,3,-1,1,3,0,-1]
  normalPerVertex TRUE
  normal DEF NORM_126 Normal { vector [
  1 0 0,1 0 0,
  1 0 0,1 0 0] }
}
}
DEF SHAPE_127 Shape {
 appearance USE APP_1
 geometry DEF FACE_127 IndexedFaceSet {
  coord DEF COORD_127 Coordinate { point [
  -3.9 0.2 -0.475,-3.1 0.2 -0.475,
  -3.1 0.2 0.475,-3.9 0.2 0.475,
  -3.655 0.2 0.155,-3.655 0.2 -0.155,
  -3.345 0.2 0.155,-3.345 0.2 -0.155] }
 coordIndex [
  6,2,3,-1,6,3,4,-1,0,5,4,-1,0,4,3,-1,1,6,7,-1,1,7,5,-1,1,2,6,-1,1,5,0,-1]
  normalPerVertex TRUE
  normal DEF NORM_127 Normal { vector [
  0 -1 0,0 -1 0,
  0 -1 0,0 -1 0,
  0 -1 0,0 -1 0,
  0 -1 0,0 -1 0] }
}
}
DEF SHAPE_128 Shape {
 appearance USE APP_1
 geometry DEF FACE_128 IndexedFaceSet {
  coord DEF COORD_128 Coordinate { point [
  -2.1 0.2 -0.475,-2.1 0 -0.475,
  -2.1 0 0.475,-2.1 0.2 0.475] }
 coordIndex [
  3,0,1,-1,3,1,2,-1]
  normalPerVertex TRUE
  normal DEF NORM_128 Normal { vector [
  -1 0 0,-1 0 0,
  -1 0 0,-1 0 0] }
}
}
DEF SHAPE_129 Shape {
 appearance USE APP_1
 geometry DEF FACE_129 IndexedFaceSet {
  coord DEF COORD_129 Coordinate { point [
  -2.9 0 -0.475,-2.9 0.2 -0.475,
  -2.9 0.2 0.475,-2.9 0 0.475] }
 coordIndex [
  1,2,3,-1,1,3,0,-1]
  normalPerVertex TRUE
  normal DEF NORM_129 Normal { vector [
  1 0 0,1 0 0,
  1 0 0,1 0 0] }
}
}
DEF SHAPE_130 Shape {
 appearance USE APP_1
 geometry DEF FACE_130 IndexedFaceSet {
  coord DEF COORD_130 Coordinate { point [
  -2.9 0.2 -0.475,-2.1 0.2 -0.475,
  -2.1 0.2 0.475,-2.9 0.2 0.475,
  -2.655 0.2 0.155,-2.655 0.2 -0.155,
  -2.345 0.2 0.155,-2.345 0.2 -0.155] }
 coordIndex [
  6,2,3,-1,6,3,4,-1,0,5,4,-1,0,4,3,-1,7,5,0,-1,1,6,7,-1,1,2,6,-1,1,7,0,-1]
  normalPerVertex TRUE
  normal DEF NORM_130 Normal { vector [
  0 -1 0,0 -1 0,
  0 -1 0,0 -1 0,
  0 -1 0,0 -1 0,
  0 -1 0,0 -1 0] }
}
}
DEF SHAPE_131 Shape {
 appearance USE APP_1
 geometry DEF FACE_131 IndexedFaceSet {
  coord DEF COORD_131 Coordinate { point [
  -1.1 0.2 -0.475,-1.1 0 -0.475,
  -1.1 0 0.475,-1.1 0.2 0.475] }
 coordIndex [
  3,0,1,-1,3,1,2,-1]
  normalPerVertex TRUE
  normal DEF NORM_131 Normal { vector [
  -1 0 0,-1 0 0,
  -1 0 0,-1 0 0] }
}
}
DEF SHAPE_132 Shape {
 appearance USE APP_1
 geometry DEF FACE_132 IndexedFaceSet {
  coord DEF COORD_132 Coordinate { point [
  -1.9 0 -0.475,-1.9 0.2 -0.475,
  -1.9 0.2 0.475,-1.9 0 0.475] }
 coordIndex [
  1,2,3,-1,1,3,0,-1]
  normalPerVertex TRUE
  normal DEF NORM_132 Normal { vector [
  1 0 0,1 0 0,
  1 0 0,1 0 0] }
}
}
DEF SHAPE_133 Shape {
 appearance USE APP_1
 geometry DEF FACE_133 IndexedFaceSet {
  coord DEF COORD_133 Coordinate { point [
  -1.9 0.2 -0.475,-1.1 0.2 -0.475,
  -1.1 0.2 0.475,-1.9 0.2 0.475,
  -1.655 0.2 0.155,-1.655 0.2 -0.155,
  -1.345 0.2 0.155,-1.345 0.2 -0.155] }
 coordIndex [
  6,2,3,-1,6,3,4,-1,0,5,4,-1,0,4,3,-1,1,6,7,-1,1,7,5,-1,1,2,6,-1,1,5,0,-1]
  normalPerVertex TRUE
  normal DEF NORM_133 Normal { vector [
  0 -1 0,0 -1 0,
  0 -1 0,0 -1 0,
  0 -1 0,0 -1 0,
  0 -1 0,0 -1 0] }
}
}
DEF SHAPE_134 Shape {
 appearance USE APP_1
 geometry DEF FACE_134 IndexedFaceSet {
  coord DEF COORD_134 Coordinate { point [
  -0.1 0.2 -0.475,-0.1 0 -0.475,
  -0.1 0 0.475,-0.1 0.2 0.475] }
 coordIndex [
  3,0,1,-1,3,1,2,-1]
  normalPerVertex TRUE
  normal DEF NORM_134 Normal { vector [
  -1 0 0,-1 0 0,
  -1 0 0,-1 0 0] }
}
}
DEF SHAPE_135 Shape {
 appearance USE APP_1
 geometry DEF FACE_135 IndexedFaceSet {
  coord DEF COORD_135 Coordinate { point [
  -0.9 0 -0.475,-0.9 0.2 -0.475,
  -0.9 0.2 0.475,-0.9 0 0.475] }
 coordIndex [
  1,2,3,-1,1,3,0,-1]
  normalPerVertex TRUE
  normal DEF NORM_135 Normal { vector [
  1 0 0,1 0 0,
  1 0 0,1 0 0] }
}
}
DEF SHAPE_136 Shape {
 appearance USE APP_1
 geometry DEF FACE_136 IndexedFaceSet {
  coord DEF COORD_136 Coordinate { point [
  -0.9 0.2 -0.475,-0.1 0.2 -0.475,
  -0.1 0.2 0.475,-0.9 0.2 0.475,
  -0.655 0.2 0.155,-0.655 0.2 -0.155,
  -0.345 0.2 0.155,-0.345 0.2 -0.155] }
 coordIndex [
  2,3,4,-1,6,2,4,-1,0,5,4,-1,0,4,3,-1,1,6,7,-1,1,7,5,-1,1,5,0,-1,1,2,6,-1]
  normalPerVertex TRUE
  normal DEF NORM_136 Normal { vector [
  0 -1 0,0 -1 0,
  0 -1 0,0 -1 0,
  0 -1 0,0 -1 0,
  0 -1 0,0 -1 0] }
}
}
DEF SHAPE_137 Shape {
 appearance USE APP_1
 geometry DEF FACE_137 IndexedFaceSet {
  coord DEF COORD_137 Coordinate { point [
  0.9 0.2 -0.475,0.9 0 -0.475,
  0.9 0 0.475,0.9 0.2 0.475] }
 coordIndex [
  3,0,1,-1,3,1,2,-1]
  normalPerVertex TRUE
  normal DEF NORM_137 Normal { vector [
  -1 0 0,-1 0 0,
  -1 0 0,-1 0 0] }
}
}
DEF SHAPE_138 Shape {
 appearance USE APP_1
 geometry DEF FACE_138 IndexedFaceSet {
  coord DEF COORD_138 Coordinate { point [
  0.1 0 -0.475,0.1 0.2 -0.475,
  0.1 0.2 0.475,0.1 0 0.475] }
 coordIndex [
  1,2,3,-1,1,3,0,-1]
  normalPerVertex TRUE
  normal DEF NORM_138 Normal { vector [
  1 0 0,1 0 0,
  1 0 0,1 0 0] }
}
}
DEF SHAPE_139 Shape {
 appearance USE APP_1
 geometry DEF FACE_139 IndexedFaceSet {
  coord DEF COORD_139 Coordinate { point [
  0.1 0.2 -0.475,0.9 0.2 -0.475,
  0.9 0.2 0.475,0.1 0.2 0.475,
  0.345 0.2 0.155,0.345 0.2 -0.155,
  0.655 0.2 0.155,0.655 0.2 -0.155] }
 coordIndex [
  2,3,4,-1,6,2,4,-1,0,5,4,-1,0,4,3,-1,1,6,7,-1,1,7,5,-1,1,5,0,-1,1,2,6,-1]
  normalPerVertex TRUE
  normal DEF NORM_139 Normal { vector [
  0 -1 0,0 -1 0,
  0 -1 0,0 -1 0,
  0 -1 0,0 -1 0,
  0 -1 0,0 -1 0] }
}
}
DEF SHAPE_140 Shape {
 appearance USE APP_1
 geometry DEF FACE_140 IndexedFaceSet {
  coord DEF COORD_140 Coordinate { point [
  1.9 0.2 -0.475,1.9 0 -0.475,
  1.9 0 0.475,1.9 0.2 0.475] }
 coordIndex [
  3,0,1,-1,3,1,2,-1]
  normalPerVertex TRUE
  normal DEF NORM_140 Normal { vector [
  -1 0 0,-1 0 0,
  -1 0 0,-1 0 0] }
}
}
DEF SHAPE_141 Shape {
 appearance USE APP_1
 geometry DEF FACE_141 IndexedFaceSet {
  coord DEF COORD_141 Coordinate { point [
  1.1 0 -0.475,1.1 0.2 -0.475,
  1.1 0.2 0.475,1.1 0 0.475] }
 coordIndex [
  1,2,3,-1,1,3,0,-1]
  normalPerVertex TRUE
  normal DEF NORM_141 Normal { vector [
  1 0 0,1 0 0,
  1 0 0,1 0 0] }
}
}
DEF SHAPE_142 Shape {
 appearance USE APP_1
 geometry DEF FACE_142 IndexedFaceSet {
  coord DEF COORD_142 Coordinate { point [
  1.1 0.2 -0.475,1.9 0.2 -0.475,
  1.9 0.2 0.475,1.1 0.2 0.475,
  1.345 0.2 0.155,1.345 0.2 -0.155,
  1.655 0.2 0.155,1.655 0.2 -0.155] }
 coordIndex [
  6,2,3,-1,6,3,4,-1,0,5,4,-1,0,4,3,-1,7,2,6,-1,1,7,5,-1,1,2,7,-1,1,5,0,-1]
  normalPerVertex TRUE
  normal DEF NORM_142 Normal { vector [
  0 -1 0,0 -1 0,
  0 -1 0,0 -1 0,
  0 -1 0,0 -1 0,
  0 -1 0,0 -1 0] }
}
}
DEF SHAPE_143 Shape {
 appearance USE APP_1
 geometry DEF FACE_143 IndexedFaceSet {
  coord DEF COORD_143 Coordinate { point [
  2.9 0.2 -0.475,2.9 0 -0.475,
  2.9 0 0.475,2.9 0.2 0.475] }
 coordIndex [
  3,0,1,-1,3,1,2,-1]
  normalPerVertex TRUE
  normal DEF NORM_143 Normal { vector [
  -1 0 0,-1 0 0,
  -1 0 0,-1 0 0] }
}
}
DEF SHAPE_144 Shape {
 appearance USE APP_1
 geometry DEF FACE_144 IndexedFaceSet {
  coord DEF COORD_144 Coordinate { point [
  2.1 0 -0.475,2.1 0.2 -0.475,
  2.1 0.2 0.475,2.1 0 0.475] }
 coordIndex [
  1,2,3,-1,1,3,0,-1]
  normalPerVertex TRUE
  normal DEF NORM_144 Normal { vector [
  1 0 0,1 0 0,
  1 0 0,1 0 0] }
}
}
DEF SHAPE_145 Shape {
 appearance USE APP_1
 geometry DEF FACE_145 IndexedFaceSet {
  coord DEF COORD_145 Coordinate { point [
  2.1 0.2 -0.475,2.9 0.2 -0.475,
  2.9 0.2 0.475,2.1 0.2 0.475,
  2.345 0.2 0.155,2.345 0.2 -0.155,
  2.655 0.2 0.155,2.655 0.2 -0.155] }
 coordIndex [
  6,2,3,-1,6,3,4,-1,0,5,4,-1,0,4,3,-1,1,6,7,-1,1,7,5,-1,1,2,6,-1,1,5,0,-1]
  normalPerVertex TRUE
  normal DEF NORM_145 Normal { vector [
  0 -1 0,0 -1 0,
  0 -1 0,0 -1 0,
  0 -1 0,0 -1 0,
  0 -1 0,0 -1 0] }
}
}
DEF SHAPE_146 Shape {
 appearance USE APP_1
 geometry DEF FACE_146 IndexedFaceSet {
  coord DEF COORD_146 Coordinate { point [
  3.9 0.2 -0.475,3.9 0 -0.475,
  3.9 0 0.475,3.9 0.2 0.475] }
 coordIndex [
  3,0,1,-1,3,1,2,-1]
  normalPerVertex TRUE
  normal DEF NORM_146 Normal { vector [
  -1 0 0,-1 0 0,
  -1 0 0,-1 0 0] }
}
}
DEF SHAPE_147 Shape {
 appearance USE APP_1
 geometry DEF FACE_147 IndexedFaceSet {
  coord DEF COORD_147 Coordinate { point [
  3.1 0 -0.475,3.1 0.2 -0.475,
  3.1 0.2 0.475,3.1 0 0.475] }
 coordIndex [
  1,2,3,-1,1,3,0,-1]
  normalPerVertex TRUE
  normal DEF NORM_147 Normal { vector [
  1 0 0,1 0 0,
  1 0 0,1 0 0] }
}
}
DEF SHAPE_148 Shape {
 appearance USE APP_1
 geometry DEF FACE_148 IndexedFaceSet {
  coord DEF COORD_148 Coordinate { point [
  3.1 0.2 -0.475,3.9 0.2 -0.475,
  3.9 0.2 0.475,3.1 0.2 0.475,
  3.345 0.2 0.155,3.345 0.2 -0.155,
  3.655 0.2 0.155,3.655 0.2 -0.155] }
 coordIndex [
  6,2,3,-1,6,3,4,-1,0,5,4,-1,0,4,3,-1,7,2,6,-1,1,7,5,-1,1,2,7,-1,1,5,0,-1]
  normalPerVertex TRUE
  normal DEF NORM_148 Normal { vector [
  0 -1 0,0 -1 0,
  0 -1 0,0 -1 0,
  0 -1 0,0 -1 0,
  0 -1 0,0 -1 0] }
}
}
DEF SHAPE_149 Shape {
 appearance USE APP_1
 geometry DEF FACE_149 IndexedFaceSet {
  coord DEF COORD_149 Coordinate { point [
  4.9 0.2 -0.475,4.9 0 -0.475,
  4.9 0 0.475,4.9 0.2 0.475] }
 coordIndex [
  3,0,1,-1,3,1,2,-1]
  normalPerVertex TRUE
  normal DEF NORM_149 Normal { vector [
  -1 0 0,-1 0 0,
  -1 0 0,-1 0 0] }
}
}
DEF SHAPE_150 Shape {
 appearance USE APP_1
 geometry DEF FACE_150 IndexedFaceSet {
  coord DEF COORD_150 Coordinate { point [
  4.1 0 -0.475,4.1 0.2 -0.475,
  4.1 0.2 0.475,4.1 0 0.475] }
 coordIndex [
  1,2,3,-1,1,3,0,-1]
  normalPerVertex TRUE
  normal DEF NORM_150 Normal { vector [
  1 0 0,1 0 0,
  1 0 0,1 0 0] }
}
}
DEF SHAPE_151 Shape {
 appearance USE APP_1
 geometry DEF FACE_151 IndexedFaceSet {
  coord DEF COORD_151 Coordinate { point [
  4.1 0.2 -0.475,4.9 0.2 -0.475,
  4.9 0.2 0.475,4.1 0.2 0.475,
  4.345 0.2 0.155,4.345 0.2 -0.155,
  4.655 0.2 0.155,4.655 0.2 -0.155] }
 coordIndex [
  6,2,3,-1,6,3,4,-1,0,5,4,-1,0,4,3,-1,1,6,7,-1,1,7,5,-1,1,2,6,-1,1,5,0,-1]
  normalPerVertex TRUE
  normal DEF NORM_151 Normal { vector [
  0 -1 0,0 -1 0,
  0 -1 0,0 -1 0,
  0 -1 0,0 -1 0,
  0 -1 0,0 -1 0] }
}
}
DEF SHAPE_152 Shape {
 appearance USE APP_1
 geometry DEF FACE_152 IndexedFaceSet {
  coord DEF COORD_152 Coordinate { point [
  5.9 0.2 -0.475,5.9 0 -0.475,
  5.9 0 0.475,5.9 0.2 0.475] }
 coordIndex [
  3,0,1,-1,3,1,2,-1]
  normalPerVertex TRUE
  normal DEF NORM_152 Normal { vector [
  -1 0 0,-1 0 0,
  -1 0 0,-1 0 0] }
}
}
DEF SHAPE_153 Shape {
 appearance USE APP_1
 geometry DEF FACE_153 IndexedFaceSet {
  coord DEF COORD_153 Coordinate { point [
  5.1 0 -0.475,5.1 0.2 -0.475,
  5.1 0.2 0.475,5.1 0 0.475] }
 coordIndex [
  1,2,3,-1,1,3,0,-1]
  normalPerVertex TRUE
  normal DEF NORM_153 Normal { vector [
  1 0 0,1 0 0,
  1 0 0,1 0 0] }
}
}
DEF SHAPE_154 Shape {
 appearance USE APP_1
 geometry DEF FACE_154 IndexedFaceSet {
  coord DEF COORD_154 Coordinate { point [
  5.1 0.2 -0.475,5.9 0.2 -0.475,
  5.9 0.2 0.475,5.1 0.2 0.475,
  5.345 0.2 0.155,5.345 0.2 -0.155,
  5.655 0.2 0.155,5.655 0.2 -0.155] }
 coordIndex [
  6,2,3,-1,6,3,4,-1,0,5,4,-1,0,4,3,-1,1,6,7,-1,1,7,5,-1,1,2,6,-1,1,5,0,-1]
  normalPerVertex TRUE
  normal DEF NORM_154 Normal { vector [
  0 -1 0,0 -1 0,
  0 -1 0,0 -1 0,
  0 -1 0,0 -1 0,
  0 -1 0,0 -1 0] }
}
}
DEF SHAPE_155 Shape {
 appearance USE APP_1
 geometry DEF FACE_155 IndexedFaceSet {
  coord DEF COORD_155 Coordinate { point [
  6.9 0.2 -0.475,6.9 0 -0.475,
  6.9 0 0.475,6.9 0.2 0.475] }
 coordIndex [
  3,0,1,-1,3,1,2,-1]
  normalPerVertex TRUE
  normal DEF NORM_155 Normal { vector [
  -1 0 0,-1 0 0,
  -1 0 0,-1 0 0] }
}
}
DEF SHAPE_156 Shape {
 appearance USE APP_1
 geometry DEF FACE_156 IndexedFaceSet {
  coord DEF COORD_156 Coordinate { point [
  6.1 0 -0.475,6.1 0.2 -0.475,
  6.1 0.2 0.475,6.1 0 0.475] }
 coordIndex [
  1,2,3,-1,1,3,0,-1]
  normalPerVertex TRUE
  normal DEF NORM_156 Normal { vector [
  1 0 0,1 0 0,
  1 0 0,1 0 0] }
}
}
DEF SHAPE_157 Shape {
 appearance USE APP_1
 geometry DEF FACE_157 IndexedFaceSet {
  coord DEF COORD_157 Coordinate { point [
  6.1 0.2 -0.475,6.9 0.2 -0.475,
  6.9 0.2 0.475,6.1 0.2 0.475,
  6.345 0.2 0.155,6.345 0.2 -0.155,
  6.655 0.2 0.155,6.655 0.2 -0.155] }
 coordIndex [
  2,3,4,-1,6,2,4,-1,0,5,4,-1,0,4,3,-1,1,6,7,-1,1,7,5,-1,1,2,6,-1,1,5,0,-1]
  normalPerVertex TRUE
  normal DEF NORM_157 Normal { vector [
  0 -1 0,0 -1 0,
  0 -1 0,0 -1 0,
  0 -1 0,0 -1 0,
  0 -1 0,0 -1 0] }
}
}
DEF SHAPE_158 Shape {
 appearance USE APP_1
 geometry DEF FACE_158 IndexedFaceSet {
  coord DEF COORD_158 Coordinate { point [
  7.9 0.2 -0.475,7.9 0 -0.475,
  7.9 0 0.475,7.9 0.2 0.475] }
 coordIndex [
  3,0,1,-1,3,1,2,-1]
  normalPerVertex TRUE
  normal DEF NORM_158 Normal { vector [
  -1 0 0,-1 0 0,
  -1 0 0,-1 0 0] }
}
}
DEF SHAPE_159 Shape {
 appearance USE APP_1
 geometry DEF FACE_159 IndexedFaceSet {
  coord DEF COORD_159 Coordinate { point [
  7.1 0 -0.475,7.1 0.2 -0.475,
  7.1 0.2 0.475,7.1 0 0.475] }
 coordIndex [
  1,2,3,-1,1,3,0,-1]
  normalPerVertex TRUE
  normal DEF NORM_159 Normal { vector [
  1 0 0,1 0 0,
  1 0 0,1 0 0] }
}
}
DEF SHAPE_160 Shape {
 appearance USE APP_1
 geometry DEF FACE_160 IndexedFaceSet {
  coord DEF COORD_160 Coordinate { point [
  7.1 0.2 -0.475,7.9 0.2 -0.475,
  7.9 0.2 0.475,7.1 0.2 0.475,
  7.345 0.2 0.155,7.345 0.2 -0.155,
  7.655 0.2 0.155,7.655 0.2 -0.155] }
 coordIndex [
  6,2,3,-1,6,3,4,-1,0,5,4,-1,0,4,3,-1,7,5,0,-1,1,6,7,-1,1,2,6,-1,1,7,0,-1]
  normalPerVertex TRUE
  normal DEF NORM_160 Normal { vector [
  0 -1 0,0 -1 0,
  0 -1 0,0 -1 0,
  0 -1 0,0 -1 0,
  0 -1 0,0 -1 0] }
}
}
DEF SHAPE_161 Shape {
 appearance USE APP_1
 geometry DEF FACE_161 IndexedFaceSet {
  coord DEF COORD_161 Coordinate { point [
  8.9 0.2 -0.475,8.9 0 -0.475,
  8.9 0 0.475,8.9 0.2 0.475] }
 coordIndex [
  3,0,1,-1,3,1,2,-1]
  normalPerVertex TRUE
  normal DEF NORM_161 Normal { vector [
  -1 0 0,-1 0 0,
  -1 0 0,-1 0 0] }
}
}
DEF SHAPE_162 Shape {
 appearance USE APP_1
 geometry DEF FACE_162 IndexedFaceSet {
  coord DEF COORD_162 Coordinate { point [
  8.1 0 -0.475,8.1 0.2 -0.475,
  8.1 0.2 0.475,8.1 0 0.475] }
 coordIndex [
  1,2,3,-1,1,3,0,-1]
  normalPerVertex TRUE
  normal DEF NORM_162 Normal { vector [
  1 0 0,1 0 0,
  1 0 0,1 0 0] }
}
}
DEF SHAPE_163 Shape {
 appearance USE APP_1
 geometry DEF FACE_163 IndexedFaceSet {
  coord DEF COORD_163 Coordinate { point [
  8.1 0.2 -0.475,8.9 0.2 -0.475,
  8.9 0.2 0.475,8.1 0.2 0.475,
  8.345 0.2 0.155,8.345 0.2 -0.155,
  8.655 0.2 0.155,8.655 0.2 -0.155] }
 coordIndex [
  6,2,3,-1,6,3,4,-1,0,5,4,-1,0,4,3,-1,7,5,0,-1,1,6,7,-1,1,2,6,-1,1,7,0,-1]
  normalPerVertex TRUE
  normal DEF NORM_163 Normal { vector [
  0 -1 0,0 -1 0,
  0 -1 0,0 -1 0,
  0 -1 0,0 -1 0,
  0 -1 0,0 -1 0] }
}
}
DEF SHAPE_164 Shape {
 appearance USE APP_1
 geometry DEF FACE_164 IndexedFaceSet {
  coord DEF COORD_164 Coordinate { point [
  9.1 0.2 -0.475,9.9 0.2 -0.475,
  9.9 0.2 0.475,9.1 0.2 0.475,
  9.345 0.2 0.155,9.345 0.2 -0.155,
  9.655 0.2 0.155,9.655 0.2 -0.155] }
 coordIndex [
  7,0,1,-1,7,5,0,-1,3,5,4,-1,3,0,5,-1,2,4,6,-1,2,6,7,-1,2,7,1,-1,2,3,4,-1]
  normalPerVertex TRUE
  normal DEF NORM_164 Normal { vector [
  0 -1 0,0 -1 0,
  0 -1 0,0 -1 0,
  0 -1 0,0 -1 0,
  0 -1 0,0 -1 0] }
}
}
DEF SHAPE_165 Shape {
 appearance USE APP_1
 geometry DEF FACE_165 IndexedFaceSet {
  coord DEF COORD_165 Coordinate { point [
  9.9 0.2 -0.475,9.9 0 -0.475,
  9.9 0 0.475,9.9 0.2 0.475] }
 coordIndex [
  2,0,1,-1,2,3,0,-1]
  normalPerVertex TRUE
  normal DEF NORM_165 Normal { vector [
  -1 0 0,-1 0 0,
  -1 0 0,-1 0 0] }
}
}
DEF SHAPE_166 Shape {
 appearance USE APP_1
 geometry DEF FACE_166 IndexedFaceSet {
  coord DEF COORD_166 Coordinate { point [
  9.1 0 -0.475,9.1 0.2 -0.475,
  9.1 0.2 0.475,9.1 0 0.475] }
 coordIndex [
  1,2,3,-1,1,3,0,-1]
  normalPerVertex TRUE
  normal DEF NORM_166 Normal { vector [
  1 0 0,1 0 0,
  1 0 0,1 0 0] }
}
}
] }
] }
DEF TXFM_5 Transform {
  center 0 0 0
  rotation 0 0 1 0
  scale 1 1 1
  scaleOrientation 0 0 1 0
  translation 0 -1.04 0
 children [
DEF TXFM_6 Transform {
  center 0 0 0
  rotation 0 0 1 0
  scale 1 1 1
  scaleOrientation 0 0 1 0
  translation 0 0 0
 children [
DEF SHAPE_167 Shape {
 appearance DEF APP_2 Appearance {
  material Material {
   ambientIntensity 0.10777825
   diffuseColor 1 1 0
   emissiveColor 0 0 0
   shininess 0.1
   specularColor 0.12 0.12 0.12
   transparency 0
} }
 geometry DEF FACE_167 IndexedFaceSet {
  coord DEF COORD_167 Coordinate { point [
  4.6200019 0.11258661 0.125,4.3799981 0.11258661 0.125,
  4.375 0.12124356 0.125,4.375 1.39 0.125,
  4.625 1.39 0.125,4.625 0.12124356 0.125] }
 coordIndex [
  1,0,5,-1,2,1,5,-1,4,2,5,-1,3,2,4,-1]
  normalPerVertex TRUE
  normal DEF NORM_167 Normal { vector [
  0 0 1,0 0 1,
  0 0 1,0 0 1,
  0 0 1,0 0 1] }
}
}
DEF SHAPE_168 Shape {
 appearance USE APP_2
 geometry DEF FACE_168 IndexedFaceSet {
  coord DEF COORD_168 Coordinate { point [
  3.6200019 0.11258661 0.125,3.3799981 0.11258661 0.125,
  3.375 0.12124356 0.125,3.375 1.39 0.125,
  3.625 1.39 0.125,3.625 0.12124356 0.125] }
 coordIndex [
  2,1,0,-1,2,0,5,-1,4,2,5,-1,3,2,4,-1]
  normalPerVertex TRUE
  normal DEF NORM_168 Normal { vector [
  0 0 1,0 0 1,
  0 0 1,0 0 1,
  0 0 1,0 0 1] }
}
}
DEF SHAPE_169 Shape {
 appearance USE APP_2
 geometry DEF FACE_169 IndexedFaceSet {
  coord DEF COORD_169 Coordinate { point [
  2.6200019 0.11258661 0.125,2.3799981 0.11258661 0.125,
  2.375 0.12124356 0.125,2.375 1.39 0.125,
  2.625 1.39 0.125,2.625 0.12124356 0.125] }
 coordIndex [
  2,1,0,-1,2,0,5,-1,4,2,5,-1,3,2,4,-1]
  normalPerVertex TRUE
  normal DEF NORM_169 Normal { vector [
  0 0 1,0 0 1,
  0 0 1,0 0 1,
  0 0 1,0 0 1] }
}
}
DEF SHAPE_170 Shape {
 appearance USE APP_2
 geometry DEF FACE_170 IndexedFaceSet {
  coord DEF COORD_170 Coordinate { point [
  1.6200019 0.11258661 0.125,1.3799981 0.11258661 0.125,
  1.375 0.12124356 0.125,1.375 1.39 0.125,
  1.625 1.39 0.125,1.625 0.12124356 0.125] }
 coordIndex [
  1,0,5,-1,2,1,5,-1,4,2,5,-1,3,2,4,-1]
  normalPerVertex TRUE
  normal DEF NORM_170 Normal { vector [
  0 0 1,0 0 1,
  0 0 1,0 0 1,
  0 0 1,0 0 1] }
}
}
DEF SHAPE_171 Shape {
 appearance USE APP_2
 geometry DEF FACE_171 IndexedFaceSet {
  coord DEF COORD_171 Coordinate { point [
  0.62000191 0.11258661 0.125,0.37999809 0.11258661 0.125,
  0.375 0.12124356 0.125,0.375 1.39 0.125,
  0.625 1.39 0.125,0.625 0.12124356 0.125] }
 coordIndex [
  1,0,5,-1,2,1,5,-1,4,2,5,-1,3,2,4,-1]
  normalPerVertex TRUE
  normal DEF NORM_171 Normal { vector [
  0 0 1,0 0 1,
  0 0 1,0 0 1,
  0 0 1,0 0 1] }
}
}
DEF SHAPE_172 Shape {
 appearance USE APP_2
 geometry DEF FACE_172 IndexedFaceSet {
  coord DEF COORD_172 Coordinate { point [
  -0.37999809 0.11258661 0.125,-0.62000191 0.11258661 0.125,
  -0.625 0.12124356 0.125,-0.625 1.39 0.125,
  -0.375 1.39 0.125,-0.375 0.12124356 0.125] }
 coordIndex [
  2,1,0,-1,2,0,5,-1,4,2,5,-1,3,2,4,-1]
  normalPerVertex TRUE
  normal DEF NORM_172 Normal { vector [
  0 0 1,0 0 1,
  0 0 1,0 0 1,
  0 0 1,0 0 1] }
}
}
DEF SHAPE_173 Shape {
 appearance USE APP_2
 geometry DEF FACE_173 IndexedFaceSet {
  coord DEF COORD_173 Coordinate { point [
  -1.3799981 0.11258661 0.125,-1.6200019 0.11258661 0.125,
  -1.625 0.12124356 0.125,-1.625 1.39 0.125,
  -1.375 1.39 0.125,-1.375 0.12124356 0.125] }
 coordIndex [
  2,1,0,-1,2,0,5,-1,4,2,5,-1,3,2,4,-1]
  normalPerVertex TRUE
  normal DEF NORM_173 Normal { vector [
  0 0 1,0 0 1,
  0 0 1,0 0 1,
  0 0 1,0 0 1] }
}
}
DEF SHAPE_174 Shape {
 appearance USE APP_2
 geometry DEF FACE_174 IndexedFaceSet {
  coord DEF COORD_174 Coordinate { point [
  -2.3799981 0.11258661 0.125,-2.6200019 0.11258661 0.125,
  -2.625 0.12124356 0.125,-2.625 1.39 0.125,
  -2.375 1.39 0.125,-2.375 0.12124356 0.125] }
 coordIndex [
  2,1,0,-1,2,0,5,-1,3,5,4,-1,3,2,5,-1]
  normalPerVertex TRUE
  normal DEF NORM_174 Normal { vector [
  0 0 1,0 0 1,
  0 0 1,0 0 1,
  0 0 1,0 0 1] }
}
}
DEF SHAPE_175 Shape {
 appearance USE APP_2
 geometry DEF FACE_175 IndexedFaceSet {
  coord DEF COORD_175 Coordinate { point [
  -3.3799981 0.11258661 0.125,-3.6200019 0.11258661 0.125,
  -3.625 0.12124356 0.125,-3.625 1.39 0.125,
  -3.375 1.39 0.125,-3.375 0.12124356 0.125] }
 coordIndex [
  2,1,0,-1,2,0,5,-1,4,2,5,-1,3,2,4,-1]
  normalPerVertex TRUE
  normal DEF NORM_175 Normal { vector [
  0 0 1,0 0 1,
  0 0 1,0 0 1,
  0 0 1,0 0 1] }
}
}
DEF SHAPE_176 Shape {
 appearance USE APP_2
 geometry DEF FACE_176 IndexedFaceSet {
  coord DEF COORD_176 Coordinate { point [
  -4.3799981 0.11258661 0.125,-4.6200019 0.11258661 0.125,
  -4.625 0.12124356 0.125,-4.625 1.39 0.125,
  -4.375 1.39 0.125,-4.375 0.12124356 0.125] }
 coordIndex [
  2,1,0,-1,2,0,5,-1,3,5,4,-1,3,2,5,-1]
  normalPerVertex TRUE
  normal DEF NORM_176 Normal { vector [
  0 0 1,0 0 1,
  0 0 1,0 0 1,
  0 0 1,0 0 1] }
}
}
DEF SHAPE_177 Shape {
 appearance USE APP_2
 geometry DEF FACE_177 IndexedFaceSet {
  coord DEF COORD_177 Coordinate { point [
  4.625 0.12124356 -0.125,4.625 1.39 -0.125,
  4.375 1.39 -0.125,4.375 0.12124356 -0.125,
  4.3799981 0.11258661 -0.125,4.6200019 0.11258661 -0.125] }
 coordIndex [
  5,4,3,-1,0,5,3,-1,1,3,2,-1,1,0,3,-1]
  normalPerVertex TRUE
  normal DEF NORM_177 Normal { vector [
  0 0 -1,0 0 -1,
  0 0 -1,0 0 -1,
  0 0 -1,0 0 -1] }
}
}
DEF SHAPE_178 Shape {
 appearance USE APP_2
 geometry DEF FACE_178 IndexedFaceSet {
  coord DEF COORD_178 Coordinate { point [
  3.625 0.12124356 -0.125,3.625 1.39 -0.125,
  3.375 1.39 -0.125,3.375 0.12124356 -0.125,
  3.3799981 0.11258661 -0.125,3.6200019 0.11258661 -0.125] }
 coordIndex [
  5,4,3,-1,0,5,3,-1,1,3,2,-1,1,0,3,-1]
  normalPerVertex TRUE
  normal DEF NORM_178 Normal { vector [
  0 0 -1,0 0 -1,
  0 0 -1,0 0 -1,
  0 0 -1,0 0 -1] }
}
}
DEF SHAPE_179 Shape {
 appearance USE APP_2
 geometry DEF FACE_179 IndexedFaceSet {
  coord DEF COORD_179 Coordinate { point [
  2.625 0.12124356 -0.125,2.625 1.39 -0.125,
  2.375 1.39 -0.125,2.375 0.12124356 -0.125,
  2.3799981 0.11258661 -0.125,2.6200019 0.11258661 -0.125] }
 coordIndex [
  5,4,3,-1,0,5,3,-1,1,3,2,-1,1,0,3,-1]
  normalPerVertex TRUE
  normal DEF NORM_179 Normal { vector [
  0 0 -1,0 0 -1,
  0 0 -1,0 0 -1,
  0 0 -1,0 0 -1] }
}
}
DEF SHAPE_180 Shape {
 appearance USE APP_2
 geometry DEF FACE_180 IndexedFaceSet {
  coord DEF COORD_180 Coordinate { point [
  1.625 0.12124356 -0.125,1.625 1.39 -0.125,
  1.375 1.39 -0.125,1.375 0.12124356 -0.125,
  1.3799981 0.11258661 -0.125,1.6200019 0.11258661 -0.125] }
 coordIndex [
  0,4,3,-1,0,5,4,-1,1,3,2,-1,1,0,3,-1]
  normalPerVertex TRUE
  normal DEF NORM_180 Normal { vector [
  0 0 -1,0 0 -1,
  0 0 -1,0 0 -1,
  0 0 -1,0 0 -1] }
}
}
DEF SHAPE_181 Shape {
 appearance USE APP_2
 geometry DEF FACE_181 IndexedFaceSet {
  coord DEF COORD_181 Coordinate { point [
  0.625 0.12124356 -0.125,0.625 1.39 -0.125,
  0.375 1.39 -0.125,0.375 0.12124356 -0.125,
  0.37999809 0.11258661 -0.125,0.62000191 0.11258661 -0.125] }
 coordIndex [
  5,4,3,-1,0,5,3,-1,1,3,2,-1,1,0,3,-1]
  normalPerVertex TRUE
  normal DEF NORM_181 Normal { vector [
  0 0 -1,0 0 -1,
  0 0 -1,0 0 -1,
  0 0 -1,0 0 -1] }
}
}
DEF SHAPE_182 Shape {
 appearance USE APP_2
 geometry DEF FACE_182 IndexedFaceSet {
  coord DEF COORD_182 Coordinate { point [
  -0.375 0.12124356 -0.125,-0.375 1.39 -0.125,
  -0.625 1.39 -0.125,-0.625 0.12124356 -0.125,
  -0.62000191 0.11258661 -0.125,-0.37999809 0.11258661 -0.125] }
 coordIndex [
  5,4,3,-1,0,5,3,-1,1,3,2,-1,1,0,3,-1]
  normalPerVertex TRUE
  normal DEF NORM_182 Normal { vector [
  0 0 -1,0 0 -1,
  0 0 -1,0 0 -1,
  0 0 -1,0 0 -1] }
}
}
DEF SHAPE_183 Shape {
 appearance USE APP_2
 geometry DEF FACE_183 IndexedFaceSet {
  coord DEF COORD_183 Coordinate { point [
  -1.375 0.12124356 -0.125,-1.375 1.39 -0.125,
  -1.625 1.39 -0.125,-1.625 0.12124356 -0.125,
  -1.6200019 0.11258661 -0.125,-1.3799981 0.11258661 -0.125] }
 coordIndex [
  0,4,3,-1,0,5,4,-1,1,3,2,-1,1,0,3,-1]
  normalPerVertex TRUE
  normal DEF NORM_183 Normal { vector [
  0 0 -1,0 0 -1,
  0 0 -1,0 0 -1,
  0 0 -1,0 0 -1] }
}
}
DEF SHAPE_184 Shape {
 appearance USE APP_2
 geometry DEF FACE_184 IndexedFaceSet {
  coord DEF COORD_184 Coordinate { point [
  -2.375 0.12124356 -0.125,-2.375 1.39 -0.125,
  -2.625 1.39 -0.125,-2.625 0.12124356 -0.125,
  -2.6200019 0.11258661 -0.125,-2.3799981 0.11258661 -0.125] }
 coordIndex [
  0,4,3,-1,0,5,4,-1,2,0,3,-1,1,0,2,-1]
  normalPerVertex TRUE
  normal DEF NORM_184 Normal { vector [
  0 0 -1,0 0 -1,
  0 0 -1,0 0 -1,
  0 0 -1,0 0 -1] }
}
}
DEF SHAPE_185 Shape {
 appearance USE APP_2
 geometry DEF FACE_185 IndexedFaceSet {
  coord DEF COORD_185 Coordinate { point [
  -3.375 0.12124356 -0.125,-3.375 1.39 -0.125,
  -3.625 1.39 -0.125,-3.625 0.12124356 -0.125,
  -3.6200019 0.11258661 -0.125,-3.3799981 0.11258661 -0.125] }
 coordIndex [
  0,4,3,-1,0,5,4,-1,1,3,2,-1,1,0,3,-1]
  normalPerVertex TRUE
  normal DEF NORM_185 Normal { vector [
  0 0 -1,0 0 -1,
  0 0 -1,0 0 -1,
  0 0 -1,0 0 -1] }
}
}
DEF SHAPE_186 Shape {
 appearance USE APP_2
 geometry DEF FACE_186 IndexedFaceSet {
  coord DEF COORD_186 Coordinate { point [
  -4.375 0.12124356 -0.125,-4.375 1.39 -0.125,
  -4.625 1.39 -0.125,-4.625 0.12124356 -0.125,
  -4.6200019 0.11258661 -0.125,-4.3799981 0.11258661 -0.125] }
 coordIndex [
  0,4,3,-1,0,5,4,-1,2,0,3,-1,1,0,2,-1]
  normalPerVertex TRUE
  normal DEF NORM_186 Normal { vector [
  0 0 -1,0 0 -1,
  0 0 -1,0 0 -1,
  0 0 -1,0 0 -1] }
}
}
DEF SHAPE_187 Shape {
 appearance USE APP_2
 geometry DEF FACE_187 IndexedFaceSet {
  coord DEF COORD_187 Coordinate { point [
  4.555 0 -0.0725,4.445 0 -0.0725,
  4.445 0 0.0725,4.555 0 0.0725] }
 coordIndex [
  3,1,0,-1,3,2,1,-1]
  normalPerVertex TRUE
  normal DEF NORM_187 Normal { vector [
  0 -1 0,0 -1 0,
  0 -1 0,0 -1 0] }
}
}
DEF SHAPE_188 Shape {
 appearance USE APP_2
 geometry DEF FACE_188 IndexedFaceSet {
  coord DEF COORD_188 Coordinate { point [
  3.555 0 -0.0725,3.445 0 -0.0725,
  3.445 0 0.0725,3.555 0 0.0725] }
 coordIndex [
  3,1,0,-1,3,2,1,-1]
  normalPerVertex TRUE
  normal DEF NORM_188 Normal { vector [
  0 -1 0,0 -1 0,
  0 -1 0,0 -1 0] }
}
}
DEF SHAPE_189 Shape {
 appearance USE APP_2
 geometry DEF FACE_189 IndexedFaceSet {
  coord DEF COORD_189 Coordinate { point [
  2.555 0 -0.0725,2.445 0 -0.0725,
  2.445 0 0.0725,2.555 0 0.0725] }
 coordIndex [
  3,1,0,-1,3,2,1,-1]
  normalPerVertex TRUE
  normal DEF NORM_189 Normal { vector [
  0 -1 0,0 -1 0,
  0 -1 0,0 -1 0] }
}
}
DEF SHAPE_190 Shape {
 appearance USE APP_2
 geometry DEF FACE_190 IndexedFaceSet {
  coord DEF COORD_190 Coordinate { point [
  1.555 0 -0.0725,1.445 0 -0.0725,
  1.445 0 0.0725,1.555 0 0.0725] }
 coordIndex [
  3,1,0,-1,3,2,1,-1]
  normalPerVertex TRUE
  normal DEF NORM_190 Normal { vector [
  0 -1 0,0 -1 0,
  0 -1 0,0 -1 0] }
}
}
DEF SHAPE_191 Shape {
 appearance USE APP_2
 geometry DEF FACE_191 IndexedFaceSet {
  coord DEF COORD_191 Coordinate { point [
  0.555 0 -0.0725,0.445 0 -0.0725,
  0.445 0 0.0725,0.555 0 0.0725] }
 coordIndex [
  3,1,0,-1,3,2,1,-1]
  normalPerVertex TRUE
  normal DEF NORM_191 Normal { vector [
  0 -1 0,0 -1 0,
  0 -1 0,0 -1 0] }
}
}
DEF SHAPE_192 Shape {
 appearance USE APP_2
 geometry DEF FACE_192 IndexedFaceSet {
  coord DEF COORD_192 Coordinate { point [
  -0.445 0 -0.0725,-0.555 0 -0.0725,
  -0.555 0 0.0725,-0.445 0 0.0725] }
 coordIndex [
  3,1,0,-1,3,2,1,-1]
  normalPerVertex TRUE
  normal DEF NORM_192 Normal { vector [
  0 -1 0,0 -1 0,
  0 -1 0,0 -1 0] }
}
}
DEF SHAPE_193 Shape {
 appearance USE APP_2
 geometry DEF FACE_193 IndexedFaceSet {
  coord DEF COORD_193 Coordinate { point [
  -1.445 0 -0.0725,-1.555 0 -0.0725,
  -1.555 0 0.0725,-1.445 0 0.0725] }
 coordIndex [
  3,1,0,-1,3,2,1,-1]
  normalPerVertex TRUE
  normal DEF NORM_193 Normal { vector [
  0 -1 0,0 -1 0,
  0 -1 0,0 -1 0] }
}
}
DEF SHAPE_194 Shape {
 appearance USE APP_2
 geometry DEF FACE_194 IndexedFaceSet {
  coord DEF COORD_194 Coordinate { point [
  -2.445 0 -0.0725,-2.555 0 -0.0725,
  -2.555 0 0.0725,-2.445 0 0.0725] }
 coordIndex [
  3,1,0,-1,3,2,1,-1]
  normalPerVertex TRUE
  normal DEF NORM_194 Normal { vector [
  0 -1 0,0 -1 0,
  0 -1 0,0 -1 0] }
}
}
DEF SHAPE_195 Shape {
 appearance USE APP_2
 geometry DEF FACE_195 IndexedFaceSet {
  coord DEF COORD_195 Coordinate { point [
  -3.445 0 -0.0725,-3.555 0 -0.0725,
  -3.555 0 0.0725,-3.445 0 0.0725] }
 coordIndex [
  3,1,0,-1,3,2,1,-1]
  normalPerVertex TRUE
  normal DEF NORM_195 Normal { vector [
  0 -1 0,0 -1 0,
  0 -1 0,0 -1 0] }
}
}
DEF SHAPE_196 Shape {
 appearance USE APP_2
 geometry DEF FACE_196 IndexedFaceSet {
  coord DEF COORD_196 Coordinate { point [
  -4.445 0 -0.0725,-4.555 0 -0.0725,
  -4.555 0 0.0725,-4.445 0 0.0725] }
 coordIndex [
  3,1,0,-1,3,2,1,-1]
  normalPerVertex TRUE
  normal DEF NORM_196 Normal { vector [
  0 -1 0,0 -1 0,
  0 -1 0,0 -1 0] }
}
}
DEF SHAPE_197 Shape {
 appearance USE APP_2
 geometry DEF FACE_197 IndexedFaceSet {
  coord DEF COORD_197 Coordinate { point [
  -4.625 1.39 -0.125,-4.625 0.12124356 -0.125,
  -4.625 0.12124356 0.125,-4.625 1.39 0.125] }
 coordIndex [
  3,0,1,-1,3,1,2,-1]
  normalPerVertex TRUE
  normal DEF NORM_197 Normal { vector [
  -1 0 0,-1 0 0,
  -1 0 0,-1 0 0] }
}
}
DEF SHAPE_198 Shape {
 appearance USE APP_2
 geometry DEF FACE_198 IndexedFaceSet {
  coord DEF COORD_198 Coordinate { point [
  -4.375 1.39 0.125,-4.375 0.12124356 0.125,
  -4.375 0.12124356 -0.125,-4.375 1.39 -0.125] }
 coordIndex [
  3,0,1,-1,3,1,2,-1]
  normalPerVertex TRUE
  normal DEF NORM_198 Normal { vector [
  1 0 0,1 0 0,
  1 0 0,1 0 0] }
}
}
DEF SHAPE_199 Shape {
 appearance USE APP_2
 geometry DEF FACE_199 IndexedFaceSet {
  coord DEF COORD_199 Coordinate { point [
  -3.625 1.39 -0.125,-3.625 0.12124356 -0.125,
  -3.625 0.12124356 0.125,-3.625 1.39 0.125] }
 coordIndex [
  0,1,2,-1,3,0,2,-1]
  normalPerVertex TRUE
  normal DEF NORM_199 Normal { vector [
  -1 0 0,-1 0 0,
  -1 0 0,-1 0 0] }
}
}
DEF SHAPE_200 Shape {
 appearance USE APP_2
 geometry DEF FACE_200 IndexedFaceSet {
  coord DEF COORD_200 Coordinate { point [
  -3.375 1.39 0.125,-3.375 0.12124356 0.125,
  -3.375 0.12124356 -0.125,-3.375 1.39 -0.125] }
 coordIndex [
  3,0,1,-1,3,1,2,-1]
  normalPerVertex TRUE
  normal DEF NORM_200 Normal { vector [
  1 0 0,1 0 0,
  1 0 0,1 0 0] }
}
}
DEF SHAPE_201 Shape {
 appearance USE APP_2
 geometry DEF FACE_201 IndexedFaceSet {
  coord DEF COORD_201 Coordinate { point [
  -2.625 1.39 -0.125,-2.625 0.12124356 -0.125,
  -2.625 0.12124356 0.125,-2.625 1.39 0.125] }
 coordIndex [
  3,0,1,-1,3,1,2,-1]
  normalPerVertex TRUE
  normal DEF NORM_201 Normal { vector [
  -1 0 0,-1 0 0,
  -1 0 0,-1 0 0] }
}
}
DEF SHAPE_202 Shape {
 appearance USE APP_2
 geometry DEF FACE_202 IndexedFaceSet {
  coord DEF COORD_202 Coordinate { point [
  -2.375 1.39 0.125,-2.375 0.12124356 0.125,
  -2.375 0.12124356 -0.125,-2.375 1.39 -0.125] }
 coordIndex [
  3,0,1,-1,3,1,2,-1]
  normalPerVertex TRUE
  normal DEF NORM_202 Normal { vector [
  1 0 0,1 0 0,
  1 0 0,1 0 0] }
}
}
DEF SHAPE_203 Shape {
 appearance USE APP_2
 geometry DEF FACE_203 IndexedFaceSet {
  coord DEF COORD_203 Coordinate { point [
  -1.625 1.39 -0.125,-1.625 0.12124356 -0.125,
  -1.625 0.12124356 0.125,-1.625 1.39 0.125] }
 coordIndex [
  3,0,1,-1,3,1,2,-1]
  normalPerVertex TRUE
  normal DEF NORM_203 Normal { vector [
  -1 0 0,-1 0 0,
  -1 0 0,-1 0 0] }
}
}
DEF SHAPE_204 Shape {
 appearance USE APP_2
 geometry DEF FACE_204 IndexedFaceSet {
  coord DEF COORD_204 Coordinate { point [
  -1.375 1.39 0.125,-1.375 0.12124356 0.125,
  -1.375 0.12124356 -0.125,-1.375 1.39 -0.125] }
 coordIndex [
  3,0,1,-1,3,1,2,-1]
  normalPerVertex TRUE
  normal DEF NORM_204 Normal { vector [
  1 0 0,1 0 0,
  1 0 0,1 0 0] }
}
}
DEF SHAPE_205 Shape {
 appearance USE APP_2
 geometry DEF FACE_205 IndexedFaceSet {
  coord DEF COORD_205 Coordinate { point [
  -0.625 1.39 -0.125,-0.625 0.12124356 -0.125,
  -0.625 0.12124356 0.125,-0.625 1.39 0.125] }
 coordIndex [
  3,0,1,-1,3,1,2,-1]
  normalPerVertex TRUE
  normal DEF NORM_205 Normal { vector [
  -1 0 0,-1 0 0,
  -1 0 0,-1 0 0] }
}
}
DEF SHAPE_206 Shape {
 appearance USE APP_2
 geometry DEF FACE_206 IndexedFaceSet {
  coord DEF COORD_206 Coordinate { point [
  -0.375 1.39 0.125,-0.375 0.12124356 0.125,
  -0.375 0.12124356 -0.125,-0.375 1.39 -0.125] }
 coordIndex [
  3,0,1,-1,3,1,2,-1]
  normalPerVertex TRUE
  normal DEF NORM_206 Normal { vector [
  1 0 0,1 0 0,
  1 0 0,1 0 0] }
}
}
DEF SHAPE_207 Shape {
 appearance USE APP_2
 geometry DEF FACE_207 IndexedFaceSet {
  coord DEF COORD_207 Coordinate { point [
  0.375 1.39 -0.125,0.375 0.12124356 -0.125,
  0.375 0.12124356 0.125,0.375 1.39 0.125] }
 coordIndex [
  0,1,2,-1,3,0,2,-1]
  normalPerVertex TRUE
  normal DEF NORM_207 Normal { vector [
  -1 0 0,-1 0 0,
  -1 0 0,-1 0 0] }
}
}
DEF SHAPE_208 Shape {
 appearance USE APP_2
 geometry DEF FACE_208 IndexedFaceSet {
  coord DEF COORD_208 Coordinate { point [
  0.625 1.39 0.125,0.625 0.12124356 0.125,
  0.625 0.12124356 -0.125,0.625 1.39 -0.125] }
 coordIndex [
  3,0,1,-1,3,1,2,-1]
  normalPerVertex TRUE
  normal DEF NORM_208 Normal { vector [
  1 0 0,1 0 0,
  1 0 0,1 0 0] }
}
}
DEF SHAPE_209 Shape {
 appearance USE APP_2
 geometry DEF FACE_209 IndexedFaceSet {
  coord DEF COORD_209 Coordinate { point [
  1.375 1.39 -0.125,1.375 0.12124356 -0.125,
  1.375 0.12124356 0.125,1.375 1.39 0.125] }
 coordIndex [
  0,1,2,-1,3,0,2,-1]
  normalPerVertex TRUE
  normal DEF NORM_209 Normal { vector [
  -1 0 0,-1 0 0,
  -1 0 0,-1 0 0] }
}
}
DEF SHAPE_210 Shape {
 appearance USE APP_2
 geometry DEF FACE_210 IndexedFaceSet {
  coord DEF COORD_210 Coordinate { point [
  1.625 1.39 0.125,1.625 0.12124356 0.125,
  1.625 0.12124356 -0.125,1.625 1.39 -0.125] }
 coordIndex [
  3,0,1,-1,3,1,2,-1]
  normalPerVertex TRUE
  normal DEF NORM_210 Normal { vector [
  1 0 0,1 0 0,
  1 0 0,1 0 0] }
}
}
DEF SHAPE_211 Shape {
 appearance USE APP_2
 geometry DEF FACE_211 IndexedFaceSet {
  coord DEF COORD_211 Coordinate { point [
  2.375 1.39 -0.125,2.375 0.12124356 -0.125,
  2.375 0.12124356 0.125,2.375 1.39 0.125] }
 coordIndex [
  3,0,1,-1,3,1,2,-1]
  normalPerVertex TRUE
  normal DEF NORM_211 Normal { vector [
  -1 0 0,-1 0 0,
  -1 0 0,-1 0 0] }
}
}
DEF SHAPE_212 Shape {
 appearance USE APP_2
 geometry DEF FACE_212 IndexedFaceSet {
  coord DEF COORD_212 Coordinate { point [
  2.625 1.39 0.125,2.625 0.12124356 0.125,
  2.625 0.12124356 -0.125,2.625 1.39 -0.125] }
 coordIndex [
  3,0,1,-1,3,1,2,-1]
  normalPerVertex TRUE
  normal DEF NORM_212 Normal { vector [
  1 0 0,1 0 0,
  1 0 0,1 0 0] }
}
}
DEF SHAPE_213 Shape {
 appearance USE APP_2
 geometry DEF FACE_213 IndexedFaceSet {
  coord DEF COORD_213 Coordinate { point [
  3.375 1.39 -0.125,3.375 0.12124356 -0.125,
  3.375 0.12124356 0.125,3.375 1.39 0.125] }
 coordIndex [
  0,1,2,-1,3,0,2,-1]
  normalPerVertex TRUE
  normal DEF NORM_213 Normal { vector [
  -1 0 0,-1 0 0,
  -1 0 0,-1 0 0] }
}
}
DEF SHAPE_214 Shape {
 appearance USE APP_2
 geometry DEF FACE_214 IndexedFaceSet {
  coord DEF COORD_214 Coordinate { point [
  3.625 1.39 0.125,3.625 0.12124356 0.125,
  3.625 0.12124356 -0.125,3.625 1.39 -0.125] }
 coordIndex [
  3,0,1,-1,3,1,2,-1]
  normalPerVertex TRUE
  normal DEF NORM_214 Normal { vector [
  1 0 0,1 0 0,
  1 0 0,1 0 0] }
}
}
DEF SHAPE_215 Shape {
 appearance USE APP_2
 geometry DEF FACE_215 IndexedFaceSet {
  coord DEF COORD_215 Coordinate { point [
  4.375 1.39 -0.125,4.375 0.12124356 -0.125,
  4.375 0.12124356 0.125,4.375 1.39 0.125] }
 coordIndex [
  0,1,2,-1,3,0,2,-1]
  normalPerVertex TRUE
  normal DEF NORM_215 Normal { vector [
  -1 0 0,-1 0 0,
  -1 0 0,-1 0 0] }
}
}
DEF SHAPE_216 Shape {
 appearance USE APP_2
 geometry DEF FACE_216 IndexedFaceSet {
  coord DEF COORD_216 Coordinate { point [
  4.625 1.39 0.125,4.625 0.12124356 0.125,
  4.625 0.12124356 -0.125,4.625 1.39 -0.125] }
 coordIndex [
  3,0,1,-1,3,1,2,-1]
  normalPerVertex TRUE
  normal DEF NORM_216 Normal { vector [
  1 0 0,1 0 0,
  1 0 0,1 0 0] }
}
}
DEF SHAPE_217 Shape {
 appearance USE APP_2
 geometry DEF FACE_217 IndexedFaceSet {
  coord DEF COORD_217 Coordinate { point [
  9.555 0 0.125,9.445 0 0.125,
  9.375 0.12124356 0.125,9.375 1.39 0.125,
  9.625 1.39 0.125,9.625 0.12124356 0.125] }
 coordIndex [
  2,1,0,-1,2,0,5,-1,4,2,5,-1,3,2,4,-1]
  normalPerVertex TRUE
  normal DEF NORM_217 Normal { vector [
  0 0 1,0 0 1,
  0 0 1,0 0 1,
  0 0 1,0 0 1] }
}
}
DEF SHAPE_218 Shape {
 appearance USE APP_2
 geometry DEF FACE_218 IndexedFaceSet {
  coord DEF COORD_218 Coordinate { point [
  8.555 0 0.125,8.445 0 0.125,
  8.375 0.12124356 0.125,8.375 1.39 0.125,
  8.625 1.39 0.125,8.625 0.12124356 0.125] }
 coordIndex [
  2,1,0,-1,2,0,5,-1,4,2,5,-1,3,2,4,-1]
  normalPerVertex TRUE
  normal DEF NORM_218 Normal { vector [
  0 0 1,0 0 1,
  0 0 1,0 0 1,
  0 0 1,0 0 1] }
}
}
DEF SHAPE_219 Shape {
 appearance USE APP_2
 geometry DEF FACE_219 IndexedFaceSet {
  coord DEF COORD_219 Coordinate { point [
  7.555 0 0.125,7.445 0 0.125,
  7.375 0.12124356 0.125,7.375 1.39 0.125,
  7.625 1.39 0.125,7.625 0.12124356 0.125] }
 coordIndex [
  2,1,0,-1,2,0,5,-1,4,2,5,-1,3,2,4,-1]
  normalPerVertex TRUE
  normal DEF NORM_219 Normal { vector [
  0 0 1,0 0 1,
  0 0 1,0 0 1,
  0 0 1,0 0 1] }
}
}
DEF SHAPE_220 Shape {
 appearance USE APP_2
 geometry DEF FACE_220 IndexedFaceSet {
  coord DEF COORD_220 Coordinate { point [
  6.555 0 0.125,6.445 0 0.125,
  6.375 0.12124356 0.125,6.375 1.39 0.125,
  6.625 1.39 0.125,6.625 0.12124356 0.125] }
 coordIndex [
  2,1,0,-1,2,0,5,-1,4,2,5,-1,3,2,4,-1]
  normalPerVertex TRUE
  normal DEF NORM_220 Normal { vector [
  0 0 1,0 0 1,
  0 0 1,0 0 1,
  0 0 1,0 0 1] }
}
}
DEF SHAPE_221 Shape {
 appearance USE APP_2
 geometry DEF FACE_221 IndexedFaceSet {
  coord DEF COORD_221 Coordinate { point [
  5.555 0 0.125,5.445 0 0.125,
  5.375 0.12124356 0.125,5.375 1.39 0.125,
  5.625 1.39 0.125,5.625 0.12124356 0.125] }
 coordIndex [
  1,0,5,-1,2,1,5,-1,4,2,5,-1,3,2,4,-1]
  normalPerVertex TRUE
  normal DEF NORM_221 Normal { vector [
  0 0 1,0 0 1,
  0 0 1,0 0 1,
  0 0 1,0 0 1] }
}
}
DEF SHAPE_222 Shape {
 appearance USE APP_2
 geometry DEF FACE_222 IndexedFaceSet {
  coord DEF COORD_222 Coordinate { point [
  -5.445 0 0.125,-5.555 0 0.125,
  -5.625 0.12124356 0.125,-5.625 1.39 0.125,
  -5.375 1.39 0.125,-5.375 0.12124356 0.125] }
 coordIndex [
  2,1,0,-1,2,0,5,-1,3,5,4,-1,3,2,5,-1]
  normalPerVertex TRUE
  normal DEF NORM_222 Normal { vector [
  0 0 1,0 0 1,
  0 0 1,0 0 1,
  0 0 1,0 0 1] }
}
}
DEF SHAPE_223 Shape {
 appearance USE APP_2
 geometry DEF FACE_223 IndexedFaceSet {
  coord DEF COORD_223 Coordinate { point [
  -6.445 0 0.125,-6.555 0 0.125,
  -6.625 0.12124356 0.125,-6.625 1.39 0.125,
  -6.375 1.39 0.125,-6.375 0.12124356 0.125] }
 coordIndex [
  2,1,0,-1,2,0,5,-1,4,2,5,-1,3,2,4,-1]
  normalPerVertex TRUE
  normal DEF NORM_223 Normal { vector [
  0 0 1,0 0 1,
  0 0 1,0 0 1,
  0 0 1,0 0 1] }
}
}
DEF SHAPE_224 Shape {
 appearance USE APP_2
 geometry DEF FACE_224 IndexedFaceSet {
  coord DEF COORD_224 Coordinate { point [
  -7.445 0 0.125,-7.555 0 0.125,
  -7.625 0.12124356 0.125,-7.625 1.39 0.125,
  -7.375 1.39 0.125,-7.375 0.12124356 0.125] }
 coordIndex [
  2,1,0,-1,2,0,5,-1,4,2,5,-1,3,2,4,-1]
  normalPerVertex TRUE
  normal DEF NORM_224 Normal { vector [
  0 0 1,0 0 1,
  0 0 1,0 0 1,
  0 0 1,0 0 1] }
}
}
DEF SHAPE_225 Shape {
 appearance USE APP_2
 geometry DEF FACE_225 IndexedFaceSet {
  coord DEF COORD_225 Coordinate { point [
  -8.445 0 0.125,-8.555 0 0.125,
  -8.625 0.12124356 0.125,-8.625 1.39 0.125,
  -8.375 1.39 0.125,-8.375 0.12124356 0.125] }
 coordIndex [
  2,1,0,-1,2,0,5,-1,3,5,4,-1,3,2,5,-1]
  normalPerVertex TRUE
  normal DEF NORM_225 Normal { vector [
  0 0 1,0 0 1,
  0 0 1,0 0 1,
  0 0 1,0 0 1] }
}
}
DEF SHAPE_226 Shape {
 appearance USE APP_2
 geometry DEF FACE_226 IndexedFaceSet {
  coord DEF COORD_226 Coordinate { point [
  -9.625 0.12124356 0.125,-9.625 1.39 0.125,
  -9.375 1.39 0.125,-9.375 0.12124356 0.125,
  -9.445 0 0.125,-9.555 0 0.125] }
 coordIndex [
  5,4,3,-1,0,5,3,-1,1,3,2,-1,1,0,3,-1]
  normalPerVertex TRUE
  normal DEF NORM_226 Normal { vector [
  0 0 1,0 0 1,
  0 0 1,0 0 1,
  0 0 1,0 0 1] }
}
}
DEF SHAPE_227 Shape {
 appearance USE APP_2
 geometry DEF FACE_227 IndexedFaceSet {
  coord DEF COORD_227 Coordinate { point [
  9.625 0.12124356 -0.125,9.625 1.39 -0.125,
  9.375 1.39 -0.125,9.375 0.12124356 -0.125,
  9.445 0 -0.125,9.555 0 -0.125] }
 coordIndex [
  5,4,3,-1,0,5,3,-1,1,3,2,-1,1,0,3,-1]
  normalPerVertex TRUE
  normal DEF NORM_227 Normal { vector [
  0 0 -1,0 0 -1,
  0 0 -1,0 0 -1,
  0 0 -1,0 0 -1] }
}
}
DEF SHAPE_228 Shape {
 appearance USE APP_2
 geometry DEF FACE_228 IndexedFaceSet {
  coord DEF COORD_228 Coordinate { point [
  8.625 0.12124356 -0.125,8.625 1.39 -0.125,
  8.375 1.39 -0.125,8.375 0.12124356 -0.125,
  8.445 0 -0.125,8.555 0 -0.125] }
 coordIndex [
  0,4,3,-1,0,5,4,-1,2,0,3,-1,1,0,2,-1]
  normalPerVertex TRUE
  normal DEF NORM_228 Normal { vector [
  0 0 -1,0 0 -1,
  0 0 -1,0 0 -1,
  0 0 -1,0 0 -1] }
}
}
DEF SHAPE_229 Shape {
 appearance USE APP_2
 geometry DEF FACE_229 IndexedFaceSet {
  coord DEF COORD_229 Coordinate { point [
  7.625 0.12124356 -0.125,7.625 1.39 -0.125,
  7.375 1.39 -0.125,7.375 0.12124356 -0.125,
  7.445 0 -0.125,7.555 0 -0.125] }
 coordIndex [
  0,4,3,-1,0,5,4,-1,2,0,3,-1,1,0,2,-1]
  normalPerVertex TRUE
  normal DEF NORM_229 Normal { vector [
  0 0 -1,0 0 -1,
  0 0 -1,0 0 -1,
  0 0 -1,0 0 -1] }
}
}
DEF SHAPE_230 Shape {
 appearance USE APP_2
 geometry DEF FACE_230 IndexedFaceSet {
  coord DEF COORD_230 Coordinate { point [
  6.625 0.12124356 -0.125,6.625 1.39 -0.125,
  6.375 1.39 -0.125,6.375 0.12124356 -0.125,
  6.445 0 -0.125,6.555 0 -0.125] }
 coordIndex [
  5,4,3,-1,0,5,3,-1,1,3,2,-1,1,0,3,-1]
  normalPerVertex TRUE
  normal DEF NORM_230 Normal { vector [
  0 0 -1,0 0 -1,
  0 0 -1,0 0 -1,
  0 0 -1,0 0 -1] }
}
}
DEF SHAPE_231 Shape {
 appearance USE APP_2
 geometry DEF FACE_231 IndexedFaceSet {
  coord DEF COORD_231 Coordinate { point [
  5.625 0.12124356 -0.125,5.625 1.39 -0.125,
  5.375 1.39 -0.125,5.375 0.12124356 -0.125,
  5.445 0 -0.125,5.555 0 -0.125] }
 coordIndex [
  5,4,3,-1,0,5,3,-1,2,0,3,-1,1,0,2,-1]
  normalPerVertex TRUE
  normal DEF NORM_231 Normal { vector [
  0 0 -1,0 0 -1,
  0 0 -1,0 0 -1,
  0 0 -1,0 0 -1] }
}
}
DEF SHAPE_232 Shape {
 appearance USE APP_2
 geometry DEF FACE_232 IndexedFaceSet {
  coord DEF COORD_232 Coordinate { point [
  -5.375 0.12124356 -0.125,-5.375 1.39 -0.125,
  -5.625 1.39 -0.125,-5.625 0.12124356 -0.125,
  -5.555 0 -0.125,-5.445 0 -0.125] }
 coordIndex [
  5,4,3,-1,0,5,3,-1,1,3,2,-1,1,0,3,-1]
  normalPerVertex TRUE
  normal DEF NORM_232 Normal { vector [
  0 0 -1,0 0 -1,
  0 0 -1,0 0 -1,
  0 0 -1,0 0 -1] }
}
}
DEF SHAPE_233 Shape {
 appearance USE APP_2
 geometry DEF FACE_233 IndexedFaceSet {
  coord DEF COORD_233 Coordinate { point [
  -6.375 0.12124356 -0.125,-6.375 1.39 -0.125,
  -6.625 1.39 -0.125,-6.625 0.12124356 -0.125,
  -6.555 0 -0.125,-6.445 0 -0.125] }
 coordIndex [
  0,4,3,-1,0,5,4,-1,2,0,3,-1,1,0,2,-1]
  normalPerVertex TRUE
  normal DEF NORM_233 Normal { vector [
  0 0 -1,0 0 -1,
  0 0 -1,0 0 -1,
  0 0 -1,0 0 -1] }
}
}
DEF SHAPE_234 Shape {
 appearance USE APP_2
 geometry DEF FACE_234 IndexedFaceSet {
  coord DEF COORD_234 Coordinate { point [
  -7.375 0.12124356 -0.125,-7.375 1.39 -0.125,
  -7.625 1.39 -0.125,-7.625 0.12124356 -0.125,
  -7.555 0 -0.125,-7.445 0 -0.125] }
 coordIndex [
  5,4,3,-1,0,5,3,-1,2,0,3,-1,1,0,2,-1]
  normalPerVertex TRUE
  normal DEF NORM_234 Normal { vector [
  0 0 -1,0 0 -1,
  0 0 -1,0 0 -1,
  0 0 -1,0 0 -1] }
}
}
DEF SHAPE_235 Shape {
 appearance USE APP_2
 geometry DEF FACE_235 IndexedFaceSet {
  coord DEF COORD_235 Coordinate { point [
  -8.375 0.12124356 -0.125,-8.375 1.39 -0.125,
  -8.625 1.39 -0.125,-8.625 0.12124356 -0.125,
  -8.555 0 -0.125,-8.445 0 -0.125] }
 coordIndex [
  5,4,3,-1,0,5,3,-1,2,0,3,-1,1,0,2,-1]
  normalPerVertex TRUE
  normal DEF NORM_235 Normal { vector [
  0 0 -1,0 0 -1,
  0 0 -1,0 0 -1,
  0 0 -1,0 0 -1] }
}
}
DEF SHAPE_236 Shape {
 appearance USE APP_2
 geometry DEF FACE_236 IndexedFaceSet {
  coord DEF COORD_236 Coordinate { point [
  -9.445 0 -0.125,-9.555 0 -0.125,
  -9.375 0.12124356 -0.125,-9.375 1.39 -0.125,
  -9.625 1.39 -0.125,-9.625 0.12124356 -0.125] }
 coordIndex [
  0,1,5,-1,2,0,5,-1,3,5,4,-1,3,2,5,-1]
  normalPerVertex TRUE
  normal DEF NORM_236 Normal { vector [
  0 0 -1,0 0 -1,
  0 0 -1,0 0 -1,
  0 0 -1,0 0 -1] }
}
}
DEF SHAPE_237 Shape {
 appearance USE APP_2
 geometry DEF FACE_237 IndexedFaceSet {
  coord DEF COORD_237 Coordinate { point [
  9.555 0 -0.125,9.445 0 -0.125,
  9.445 0 0.125,9.555 0 0.125] }
 coordIndex [
  3,1,0,-1,3,2,1,-1]
  normalPerVertex TRUE
  normal DEF NORM_237 Normal { vector [
  0 -1 0,0 -1 0,
  0 -1 0,0 -1 0] }
}
}
DEF SHAPE_238 Shape {
 appearance USE APP_2
 geometry DEF FACE_238 IndexedFaceSet {
  coord DEF COORD_238 Coordinate { point [
  8.555 0 -0.125,8.445 0 -0.125,
  8.445 0 0.125,8.555 0 0.125] }
 coordIndex [
  3,1,0,-1,3,2,1,-1]
  normalPerVertex TRUE
  normal DEF NORM_238 Normal { vector [
  0 -1 0,0 -1 0,
  0 -1 0,0 -1 0] }
}
}
DEF SHAPE_239 Shape {
 appearance USE APP_2
 geometry DEF FACE_239 IndexedFaceSet {
  coord DEF COORD_239 Coordinate { point [
  7.555 0 -0.125,7.445 0 -0.125,
  7.445 0 0.125,7.555 0 0.125] }
 coordIndex [
  3,1,0,-1,3,2,1,-1]
  normalPerVertex TRUE
  normal DEF NORM_239 Normal { vector [
  0 -1 0,0 -1 0,
  0 -1 0,0 -1 0] }
}
}
DEF SHAPE_240 Shape {
 appearance USE APP_2
 geometry DEF FACE_240 IndexedFaceSet {
  coord DEF COORD_240 Coordinate { point [
  6.555 0 -0.125,6.445 0 -0.125,
  6.445 0 0.125,6.555 0 0.125] }
 coordIndex [
  3,1,0,-1,3,2,1,-1]
  normalPerVertex TRUE
  normal DEF NORM_240 Normal { vector [
  0 -1 0,0 -1 0,
  0 -1 0,0 -1 0] }
}
}
DEF SHAPE_241 Shape {
 appearance USE APP_2
 geometry DEF FACE_241 IndexedFaceSet {
  coord DEF COORD_241 Coordinate { point [
  5.555 0 -0.125,5.445 0 -0.125,
  5.445 0 0.125,5.555 0 0.125] }
 coordIndex [
  3,1,0,-1,3,2,1,-1]
  normalPerVertex TRUE
  normal DEF NORM_241 Normal { vector [
  0 -1 0,0 -1 0,
  0 -1 0,0 -1 0] }
}
}
DEF SHAPE_242 Shape {
 appearance USE APP_2
 geometry DEF FACE_242 IndexedFaceSet {
  coord DEF COORD_242 Coordinate { point [
  -5.445 0 -0.125,-5.555 0 -0.125,
  -5.555 0 0.125,-5.445 0 0.125] }
 coordIndex [
  3,1,0,-1,3,2,1,-1]
  normalPerVertex TRUE
  normal DEF NORM_242 Normal { vector [
  0 -1 0,0 -1 0,
  0 -1 0,0 -1 0] }
}
}
DEF SHAPE_243 Shape {
 appearance USE APP_2
 geometry DEF FACE_243 IndexedFaceSet {
  coord DEF COORD_243 Coordinate { point [
  -6.445 0 -0.125,-6.555 0 -0.125,
  -6.555 0 0.125,-6.445 0 0.125] }
 coordIndex [
  3,1,0,-1,3,2,1,-1]
  normalPerVertex TRUE
  normal DEF NORM_243 Normal { vector [
  0 -1 0,0 -1 0,
  0 -1 0,0 -1 0] }
}
}
DEF SHAPE_244 Shape {
 appearance USE APP_2
 geometry DEF FACE_244 IndexedFaceSet {
  coord DEF COORD_244 Coordinate { point [
  -7.445 0 -0.125,-7.555 0 -0.125,
  -7.555 0 0.125,-7.445 0 0.125] }
 coordIndex [
  3,1,0,-1,3,2,1,-1]
  normalPerVertex TRUE
  normal DEF NORM_244 Normal { vector [
  0 -1 0,0 -1 0,
  0 -1 0,0 -1 0] }
}
}
DEF SHAPE_245 Shape {
 appearance USE APP_2
 geometry DEF FACE_245 IndexedFaceSet {
  coord DEF COORD_245 Coordinate { point [
  -8.445 0 -0.125,-8.555 0 -0.125,
  -8.555 0 0.125,-8.445 0 0.125] }
 coordIndex [
  3,1,0,-1,3,2,1,-1]
  normalPerVertex TRUE
  normal DEF NORM_245 Normal { vector [
  0 -1 0,0 -1 0,
  0 -1 0,0 -1 0] }
}
}
DEF SHAPE_246 Shape {
 appearance USE APP_2
 geometry DEF FACE_246 IndexedFaceSet {
  coord DEF COORD_246 Coordinate { point [
  -9.445 0 0.125,-9.555 0 0.125,
  -9.445 0 -0.125,-9.555 0 -0.125] }
 coordIndex [
  1,3,2,-1,0,1,2,-1]
  normalPerVertex TRUE
  normal DEF NORM_246 Normal { vector [
  0 -1 0,0 -1 0,
  0 -1 0,0 -1 0] }
}
}
DEF SHAPE_247 Shape {
 appearance USE APP_2
 geometry DEF FACE_247 IndexedFaceSet {
  coord DEF COORD_247 Coordinate { point [
  -9.625 1.39 -0.125,-9.625 0.12124356 -0.125,
  -9.625 0.12124356 0.125,-9.625 1.39 0.125] }
 coordIndex [
  0,1,2,-1,3,0,2,-1]
  normalPerVertex TRUE
  normal DEF NORM_247 Normal { vector [
  -1 0 0,-1 0 0,
  -1 0 0,-1 0 0] }
}
}
DEF SHAPE_248 Shape {
 appearance USE APP_2
 geometry DEF FACE_248 IndexedFaceSet {
  coord DEF COORD_248 Coordinate { point [
  -9.375 1.39 0.125,-9.375 0.12124356 0.125,
  -9.375 0.12124356 -0.125,-9.375 1.39 -0.125] }
 coordIndex [
  3,0,1,-1,3,1,2,-1]
  normalPerVertex TRUE
  normal DEF NORM_248 Normal { vector [
  1 0 0,1 0 0,
  1 0 0,1 0 0] }
}
}
DEF SHAPE_249 Shape {
 appearance USE APP_2
 geometry DEF FACE_249 IndexedFaceSet {
  coord DEF COORD_249 Coordinate { point [
  -8.625 1.39 -0.125,-8.625 0.12124356 -0.125,
  -8.625 0.12124356 0.125,-8.625 1.39 0.125] }
 coordIndex [
  3,0,1,-1,3,1,2,-1]
  normalPerVertex TRUE
  normal DEF NORM_249 Normal { vector [
  -1 0 0,-1 0 0,
  -1 0 0,-1 0 0] }
}
}
DEF SHAPE_250 Shape {
 appearance USE APP_2
 geometry DEF FACE_250 IndexedFaceSet {
  coord DEF COORD_250 Coordinate { point [
  -8.375 1.39 0.125,-8.375 0.12124356 0.125,
  -8.375 0.12124356 -0.125,-8.375 1.39 -0.125] }
 coordIndex [
  3,0,1,-1,3,1,2,-1]
  normalPerVertex TRUE
  normal DEF NORM_250 Normal { vector [
  1 0 0,1 0 0,
  1 0 0,1 0 0] }
}
}
DEF SHAPE_251 Shape {
 appearance USE APP_2
 geometry DEF FACE_251 IndexedFaceSet {
  coord DEF COORD_251 Coordinate { point [
  -7.625 1.39 -0.125,-7.625 0.12124356 -0.125,
  -7.625 0.12124356 0.125,-7.625 1.39 0.125] }
 coordIndex [
  3,0,1,-1,3,1,2,-1]
  normalPerVertex TRUE
  normal DEF NORM_251 Normal { vector [
  -1 0 0,-1 0 0,
  -1 0 0,-1 0 0] }
}
}
DEF SHAPE_252 Shape {
 appearance USE APP_2
 geometry DEF FACE_252 IndexedFaceSet {
  coord DEF COORD_252 Coordinate { point [
  -7.375 1.39 0.125,-7.375 0.12124356 0.125,
  -7.375 0.12124356 -0.125,-7.375 1.39 -0.125] }
 coordIndex [
  3,0,1,-1,3,1,2,-1]
  normalPerVertex TRUE
  normal DEF NORM_252 Normal { vector [
  1 0 0,1 0 0,
  1 0 0,1 0 0] }
}
}
DEF SHAPE_253 Shape {
 appearance USE APP_2
 geometry DEF FACE_253 IndexedFaceSet {
  coord DEF COORD_253 Coordinate { point [
  -6.625 1.39 -0.125,-6.625 0.12124356 -0.125,
  -6.625 0.12124356 0.125,-6.625 1.39 0.125] }
 coordIndex [
  0,1,2,-1,3,0,2,-1]
  normalPerVertex TRUE
  normal DEF NORM_253 Normal { vector [
  -1 0 0,-1 0 0,
  -1 0 0,-1 0 0] }
}
}
DEF SHAPE_254 Shape {
 appearance USE APP_2
 geometry DEF FACE_254 IndexedFaceSet {
  coord DEF COORD_254 Coordinate { point [
  -6.375 1.39 0.125,-6.375 0.12124356 0.125,
  -6.375 0.12124356 -0.125,-6.375 1.39 -0.125] }
 coordIndex [
  3,0,1,-1,3,1,2,-1]
  normalPerVertex TRUE
  normal DEF NORM_254 Normal { vector [
  1 0 0,1 0 0,
  1 0 0,1 0 0] }
}
}
DEF SHAPE_255 Shape {
 appearance USE APP_2
 geometry DEF FACE_255 IndexedFaceSet {
  coord DEF COORD_255 Coordinate { point [
  -5.625 1.39 -0.125,-5.625 0.12124356 -0.125,
  -5.625 0.12124356 0.125,-5.625 1.39 0.125] }
 coordIndex [
  3,0,1,-1,3,1,2,-1]
  normalPerVertex TRUE
  normal DEF NORM_255 Normal { vector [
  -1 0 0,-1 0 0,
  -1 0 0,-1 0 0] }
}
}
DEF SHAPE_256 Shape {
 appearance USE APP_2
 geometry DEF FACE_256 IndexedFaceSet {
  coord DEF COORD_256 Coordinate { point [
  -5.375 1.39 0.125,-5.375 0.12124356 0.125,
  -5.375 0.12124356 -0.125,-5.375 1.39 -0.125] }
 coordIndex [
  3,0,1,-1,3,1,2,-1]
  normalPerVertex TRUE
  normal DEF NORM_256 Normal { vector [
  1 0 0,1 0 0,
  1 0 0,1 0 0] }
}
}
DEF SHAPE_257 Shape {
 appearance USE APP_2
 geometry DEF FACE_257 IndexedFaceSet {
  coord DEF COORD_257 Coordinate { point [
  5.375 1.39 -0.125,5.375 0.12124356 -0.125,
  5.375 0.12124356 0.125,5.375 1.39 0.125] }
 coordIndex [
  3,0,1,-1,3,1,2,-1]
  normalPerVertex TRUE
  normal DEF NORM_257 Normal { vector [
  -1 0 0,-1 0 0,
  -1 0 0,-1 0 0] }
}
}
DEF SHAPE_258 Shape {
 appearance USE APP_2
 geometry DEF FACE_258 IndexedFaceSet {
  coord DEF COORD_258 Coordinate { point [
  5.625 1.39 0.125,5.625 0.12124356 0.125,
  5.625 0.12124356 -0.125,5.625 1.39 -0.125] }
 coordIndex [
  3,0,1,-1,3,1,2,-1]
  normalPerVertex TRUE
  normal DEF NORM_258 Normal { vector [
  1 0 0,1 0 0,
  1 0 0,1 0 0] }
}
}
DEF SHAPE_259 Shape {
 appearance USE APP_2
 geometry DEF FACE_259 IndexedFaceSet {
  coord DEF COORD_259 Coordinate { point [
  6.375 1.39 -0.125,6.375 0.12124356 -0.125,
  6.375 0.12124356 0.125,6.375 1.39 0.125] }
 coordIndex [
  3,0,1,-1,3,1,2,-1]
  normalPerVertex TRUE
  normal DEF NORM_259 Normal { vector [
  -1 0 0,-1 0 0,
  -1 0 0,-1 0 0] }
}
}
DEF SHAPE_260 Shape {
 appearance USE APP_2
 geometry DEF FACE_260 IndexedFaceSet {
  coord DEF COORD_260 Coordinate { point [
  6.625 1.39 0.125,6.625 0.12124356 0.125,
  6.625 0.12124356 -0.125,6.625 1.39 -0.125] }
 coordIndex [
  3,0,1,-1,3,1,2,-1]
  normalPerVertex TRUE
  normal DEF NORM_260 Normal { vector [
  1 0 0,1 0 0,
  1 0 0,1 0 0] }
}
}
DEF SHAPE_261 Shape {
 appearance USE APP_2
 geometry DEF FACE_261 IndexedFaceSet {
  coord DEF COORD_261 Coordinate { point [
  7.375 1.39 -0.125,7.375 0.12124356 -0.125,
  7.375 0.12124356 0.125,7.375 1.39 0.125] }
 coordIndex [
  3,0,1,-1,3,1,2,-1]
  normalPerVertex TRUE
  normal DEF NORM_261 Normal { vector [
  -1 0 0,-1 0 0,
  -1 0 0,-1 0 0] }
}
}
DEF SHAPE_262 Shape {
 appearance USE APP_2
 geometry DEF FACE_262 IndexedFaceSet {
  coord DEF COORD_262 Coordinate { point [
  7.625 1.39 0.125,7.625 0.12124356 0.125,
  7.625 0.12124356 -0.125,7.625 1.39 -0.125] }
 coordIndex [
  3,0,1,-1,3,1,2,-1]
  normalPerVertex TRUE
  normal DEF NORM_262 Normal { vector [
  1 0 0,1 0 0,
  1 0 0,1 0 0] }
}
}
DEF SHAPE_263 Shape {
 appearance USE APP_2
 geometry DEF FACE_263 IndexedFaceSet {
  coord DEF COORD_263 Coordinate { point [
  8.375 1.39 -0.125,8.375 0.12124356 -0.125,
  8.375 0.12124356 0.125,8.375 1.39 0.125] }
 coordIndex [
  3,0,1,-1,3,1,2,-1]
  normalPerVertex TRUE
  normal DEF NORM_263 Normal { vector [
  -1 0 0,-1 0 0,
  -1 0 0,-1 0 0] }
}
}
DEF SHAPE_264 Shape {
 appearance USE APP_2
 geometry DEF FACE_264 IndexedFaceSet {
  coord DEF COORD_264 Coordinate { point [
  8.625 1.39 0.125,8.625 0.12124356 0.125,
  8.625 0.12124356 -0.125,8.625 1.39 -0.125] }
 coordIndex [
  3,0,1,-1,3,1,2,-1]
  normalPerVertex TRUE
  normal DEF NORM_264 Normal { vector [
  1 0 0,1 0 0,
  1 0 0,1 0 0] }
}
}
DEF SHAPE_265 Shape {
 appearance USE APP_2
 geometry DEF FACE_265 IndexedFaceSet {
  coord DEF COORD_265 Coordinate { point [
  9.375 1.39 -0.125,9.375 0.12124356 -0.125,
  9.375 0.12124356 0.125,9.375 1.39 0.125] }
 coordIndex [
  3,0,1,-1,3,1,2,-1]
  normalPerVertex TRUE
  normal DEF NORM_265 Normal { vector [
  -1 0 0,-1 0 0,
  -1 0 0,-1 0 0] }
}
}
DEF SHAPE_266 Shape {
 appearance USE APP_2
 geometry DEF FACE_266 IndexedFaceSet {
  coord DEF COORD_266 Coordinate { point [
  9.625 1.39 0.125,9.625 0.12124356 0.125,
  9.625 0.12124356 -0.125,9.625 1.39 -0.125] }
 coordIndex [
  3,0,1,-1,3,1,2,-1]
  normalPerVertex TRUE
  normal DEF NORM_266 Normal { vector [
  1 0 0,1 0 0,
  1 0 0,1 0 0] }
}
}
DEF SHAPE_267 Shape {
 appearance USE APP_2
 geometry DEF FACE_267 IndexedFaceSet {
  coord DEF COORD_267 Coordinate { point [
  4.6200019 0.11258661 -0.125,4.3799981 0.11258661 -0.125,
  4.555 0 -0.0725,4.445 0 -0.0725] }
 coordIndex [
  2,3,1,-1,0,2,1,-1]
  normalPerVertex TRUE
  normal DEF NORM_267 Normal { vector [
  0 -0.42261826 -0.90630779,0 -0.42261826 -0.90630779,
  0 -0.42261826 -0.90630779,0 -0.42261826 -0.90630779] }
}
}
DEF SHAPE_268 Shape {
 appearance USE APP_2
 geometry DEF FACE_268 IndexedFaceSet {
  coord DEF COORD_268 Coordinate { point [
  4.555 0 0.0725,4.445 0 0.0725,
  4.6200019 0.11258661 0.125,4.3799981 0.11258661 0.125] }
 coordIndex [
  0,2,3,-1,0,3,1,-1]
  normalPerVertex TRUE
  normal DEF NORM_268 Normal { vector [
  0 -0.42261826 0.90630779,0 -0.42261826 0.90630779,
  0 -0.42261826 0.90630779,0 -0.42261826 0.90630779] }
}
}
DEF SHAPE_269 Shape {
 appearance USE APP_2
 geometry DEF FACE_269 IndexedFaceSet {
  coord DEF COORD_269 Coordinate { point [
  3.6200019 0.11258661 -0.125,3.3799981 0.11258661 -0.125,
  3.555 0 -0.0725,3.445 0 -0.0725] }
 coordIndex [
  0,2,3,-1,0,3,1,-1]
  normalPerVertex TRUE
  normal DEF NORM_269 Normal { vector [
  0 -0.42261826 -0.90630779,0 -0.42261826 -0.90630779,
  0 -0.42261826 -0.90630779,0 -0.42261826 -0.90630779] }
}
}
DEF SHAPE_270 Shape {
 appearance USE APP_2
 geometry DEF FACE_270 IndexedFaceSet {
  coord DEF COORD_270 Coordinate { point [
  3.555 0 0.0725,3.445 0 0.0725,
  3.6200019 0.11258661 0.125,3.3799981 0.11258661 0.125] }
 coordIndex [
  0,2,3,-1,0,3,1,-1]
  normalPerVertex TRUE
  normal DEF NORM_270 Normal { vector [
  0 -0.42261826 0.90630779,0 -0.42261826 0.90630779,
  0 -0.42261826 0.90630779,0 -0.42261826 0.90630779] }
}
}
DEF SHAPE_271 Shape {
 appearance USE APP_2
 geometry DEF FACE_271 IndexedFaceSet {
  coord DEF COORD_271 Coordinate { point [
  2.6200019 0.11258661 -0.125,2.3799981 0.11258661 -0.125,
  2.555 0 -0.0725,2.445 0 -0.0725] }
 coordIndex [
  2,3,1,-1,0,2,1,-1]
  normalPerVertex TRUE
  normal DEF NORM_271 Normal { vector [
  0 -0.42261826 -0.90630779,0 -0.42261826 -0.90630779,
  0 -0.42261826 -0.90630779,0 -0.42261826 -0.90630779] }
}
}
DEF SHAPE_272 Shape {
 appearance USE APP_2
 geometry DEF FACE_272 IndexedFaceSet {
  coord DEF COORD_272 Coordinate { point [
  2.555 0 0.0725,2.445 0 0.0725,
  2.6200019 0.11258661 0.125,2.3799981 0.11258661 0.125] }
 coordIndex [
  0,2,3,-1,0,3,1,-1]
  normalPerVertex TRUE
  normal DEF NORM_272 Normal { vector [
  0 -0.42261826 0.90630779,0 -0.42261826 0.90630779,
  0 -0.42261826 0.90630779,0 -0.42261826 0.90630779] }
}
}
DEF SHAPE_273 Shape {
 appearance USE APP_2
 geometry DEF FACE_273 IndexedFaceSet {
  coord DEF COORD_273 Coordinate { point [
  1.6200019 0.11258661 -0.125,1.3799981 0.11258661 -0.125,
  1.555 0 -0.0725,1.445 0 -0.0725] }
 coordIndex [
  2,3,1,-1,0,2,1,-1]
  normalPerVertex TRUE
  normal DEF NORM_273 Normal { vector [
  0 -0.42261826 -0.90630779,0 -0.42261826 -0.90630779,
  0 -0.42261826 -0.90630779,0 -0.42261826 -0.90630779] }
}
}
DEF SHAPE_274 Shape {
 appearance USE APP_2
 geometry DEF FACE_274 IndexedFaceSet {
  coord DEF COORD_274 Coordinate { point [
  1.555 0 0.0725,1.445 0 0.0725,
  1.6200019 0.11258661 0.125,1.3799981 0.11258661 0.125] }
 coordIndex [
  0,2,3,-1,0,3,1,-1]
  normalPerVertex TRUE
  normal DEF NORM_274 Normal { vector [
  0 -0.42261826 0.90630779,0 -0.42261826 0.90630779,
  0 -0.42261826 0.90630779,0 -0.42261826 0.90630779] }
}
}
DEF SHAPE_275 Shape {
 appearance USE APP_2
 geometry DEF FACE_275 IndexedFaceSet {
  coord DEF COORD_275 Coordinate { point [
  0.62000191 0.11258661 -0.125,0.37999809 0.11258661 -0.125,
  0.555 0 -0.0725,0.445 0 -0.0725] }
 coordIndex [
  0,2,3,-1,0,3,1,-1]
  normalPerVertex TRUE
  normal DEF NORM_275 Normal { vector [
  0 -0.42261826 -0.90630779,0 -0.42261826 -0.90630779,
  0 -0.42261826 -0.90630779,0 -0.42261826 -0.90630779] }
}
}
DEF SHAPE_276 Shape {
 appearance USE APP_2
 geometry DEF FACE_276 IndexedFaceSet {
  coord DEF COORD_276 Coordinate { point [
  0.555 0 0.0725,0.445 0 0.0725,
  0.62000191 0.11258661 0.125,0.37999809 0.11258661 0.125] }
 coordIndex [
  0,2,3,-1,0,3,1,-1]
  normalPerVertex TRUE
  normal DEF NORM_276 Normal { vector [
  0 -0.42261826 0.90630779,0 -0.42261826 0.90630779,
  0 -0.42261826 0.90630779,0 -0.42261826 0.90630779] }
}
}
DEF SHAPE_277 Shape {
 appearance USE APP_2
 geometry DEF FACE_277 IndexedFaceSet {
  coord DEF COORD_277 Coordinate { point [
  -0.37999809 0.11258661 -0.125,-0.62000191 0.11258661 -0.125,
  -0.445 0 -0.0725,-0.555 0 -0.0725] }
 coordIndex [
  0,2,3,-1,0,3,1,-1]
  normalPerVertex TRUE
  normal DEF NORM_277 Normal { vector [
  0 -0.42261826 -0.90630779,0 -0.42261826 -0.90630779,
  0 -0.42261826 -0.90630779,0 -0.42261826 -0.90630779] }
}
}
DEF SHAPE_278 Shape {
 appearance USE APP_2
 geometry DEF FACE_278 IndexedFaceSet {
  coord DEF COORD_278 Coordinate { point [
  -0.445 0 0.0725,-0.555 0 0.0725,
  -0.37999809 0.11258661 0.125,-0.62000191 0.11258661 0.125] }
 coordIndex [
  2,3,1,-1,0,2,1,-1]
  normalPerVertex TRUE
  normal DEF NORM_278 Normal { vector [
  0 -0.42261826 0.90630779,0 -0.42261826 0.90630779,
  0 -0.42261826 0.90630779,0 -0.42261826 0.90630779] }
}
}
DEF SHAPE_279 Shape {
 appearance USE APP_2
 geometry DEF FACE_279 IndexedFaceSet {
  coord DEF COORD_279 Coordinate { point [
  -1.3799981 0.11258661 -0.125,-1.6200019 0.11258661 -0.125,
  -1.445 0 -0.0725,-1.555 0 -0.0725] }
 coordIndex [
  2,3,1,-1,0,2,1,-1]
  normalPerVertex TRUE
  normal DEF NORM_279 Normal { vector [
  0 -0.42261826 -0.90630779,0 -0.42261826 -0.90630779,
  0 -0.42261826 -0.90630779,0 -0.42261826 -0.90630779] }
}
}
DEF SHAPE_280 Shape {
 appearance USE APP_2
 geometry DEF FACE_280 IndexedFaceSet {
  coord DEF COORD_280 Coordinate { point [
  -1.445 0 0.0725,-1.555 0 0.0725,
  -1.3799981 0.11258661 0.125,-1.6200019 0.11258661 0.125] }
 coordIndex [
  0,2,3,-1,0,3,1,-1]
  normalPerVertex TRUE
  normal DEF NORM_280 Normal { vector [
  0 -0.42261826 0.90630779,0 -0.42261826 0.90630779,
  0 -0.42261826 0.90630779,0 -0.42261826 0.90630779] }
}
}
DEF SHAPE_281 Shape {
 appearance USE APP_2
 geometry DEF FACE_281 IndexedFaceSet {
  coord DEF COORD_281 Coordinate { point [
  -2.3799981 0.11258661 -0.125,-2.6200019 0.11258661 -0.125,
  -2.445 0 -0.0725,-2.555 0 -0.0725] }
 coordIndex [
  2,3,1,-1,0,2,1,-1]
  normalPerVertex TRUE
  normal DEF NORM_281 Normal { vector [
  0 -0.42261826 -0.90630779,0 -0.42261826 -0.90630779,
  0 -0.42261826 -0.90630779,0 -0.42261826 -0.90630779] }
}
}
DEF SHAPE_282 Shape {
 appearance USE APP_2
 geometry DEF FACE_282 IndexedFaceSet {
  coord DEF COORD_282 Coordinate { point [
  -2.445 0 0.0725,-2.555 0 0.0725,
  -2.3799981 0.11258661 0.125,-2.6200019 0.11258661 0.125] }
 coordIndex [
  0,2,3,-1,0,3,1,-1]
  normalPerVertex TRUE
  normal DEF NORM_282 Normal { vector [
  0 -0.42261826 0.90630779,0 -0.42261826 0.90630779,
  0 -0.42261826 0.90630779,0 -0.42261826 0.90630779] }
}
}
DEF SHAPE_283 Shape {
 appearance USE APP_2
 geometry DEF FACE_283 IndexedFaceSet {
  coord DEF COORD_283 Coordinate { point [
  -3.3799981 0.11258661 -0.125,-3.6200019 0.11258661 -0.125,
  -3.445 0 -0.0725,-3.555 0 -0.0725] }
 coordIndex [
  0,2,3,-1,0,3,1,-1]
  normalPerVertex TRUE
  normal DEF NORM_283 Normal { vector [
  0 -0.42261826 -0.90630779,0 -0.42261826 -0.90630779,
  0 -0.42261826 -0.90630779,0 -0.42261826 -0.90630779] }
}
}
DEF SHAPE_284 Shape {
 appearance USE APP_2
 geometry DEF FACE_284 IndexedFaceSet {
  coord DEF COORD_284 Coordinate { point [
  -3.445 0 0.0725,-3.555 0 0.0725,
  -3.3799981 0.11258661 0.125,-3.6200019 0.11258661 0.125] }
 coordIndex [
  0,2,3,-1,0,3,1,-1]
  normalPerVertex TRUE
  normal DEF NORM_284 Normal { vector [
  0 -0.42261826 0.90630779,0 -0.42261826 0.90630779,
  0 -0.42261826 0.90630779,0 -0.42261826 0.90630779] }
}
}
DEF SHAPE_285 Shape {
 appearance USE APP_2
 geometry DEF FACE_285 IndexedFaceSet {
  coord DEF COORD_285 Coordinate { point [
  -4.3799981 0.11258661 -0.125,-4.6200019 0.11258661 -0.125,
  -4.445 0 -0.0725,-4.555 0 -0.0725] }
 coordIndex [
  0,2,3,-1,0,3,1,-1]
  normalPerVertex TRUE
  normal DEF NORM_285 Normal { vector [
  0 -0.42261826 -0.90630779,0 -0.42261826 -0.90630779,
  0 -0.42261826 -0.90630779,0 -0.42261826 -0.90630779] }
}
}
DEF SHAPE_286 Shape {
 appearance USE APP_2
 geometry DEF FACE_286 IndexedFaceSet {
  coord DEF COORD_286 Coordinate { point [
  -4.445 0 0.0725,-4.555 0 0.0725,
  -4.3799981 0.11258661 0.125,-4.6200019 0.11258661 0.125] }
 coordIndex [
  0,2,3,-1,0,3,1,-1]
  normalPerVertex TRUE
  normal DEF NORM_286 Normal { vector [
  0 -0.42261826 0.90630779,0 -0.42261826 0.90630779,
  0 -0.42261826 0.90630779,0 -0.42261826 0.90630779] }
}
}
DEF SHAPE_287 Shape {
 appearance USE APP_2
 geometry DEF FACE_287 IndexedFaceSet {
  coord DEF COORD_287 Coordinate { point [
  9.705 1.44 -0.24,9.705 1.39 -0.24,
  -9.705 1.44 -0.24,-9.705 1.39 -0.24] }
 coordIndex [
  0,3,2,-1,0,1,3,-1]
  normalPerVertex TRUE
  normal DEF NORM_287 Normal { vector [
  0 0 -1,0 0 -1,
  0 0 -1,0 0 -1] }
}
}
DEF SHAPE_288 Shape {
 appearance USE APP_2
 geometry DEF FACE_288 IndexedFaceSet {
  coord DEF COORD_288 Coordinate { point [
  -9.705 1.44 -0.24,-9.705 1.39 -0.24,
  -9.705 1.44 0.24,-9.705 1.39 0.24] }
 coordIndex [
  0,3,2,-1,0,1,3,-1]
  normalPerVertex TRUE
  normal DEF NORM_288 Normal { vector [
  -1 0 0,-1 0 0,
  -1 0 0,-1 0 0] }
}
}
DEF SHAPE_289 Shape {
 appearance USE APP_2
 geometry DEF FACE_289 IndexedFaceSet {
  coord DEF COORD_289 Coordinate { point [
  -9.705 1.44 0.24,-9.705 1.39 0.24,
  9.705 1.44 0.24,9.705 1.39 0.24] }
 coordIndex [
  0,3,2,-1,0,1,3,-1]
  normalPerVertex TRUE
  normal DEF NORM_289 Normal { vector [
  0 0 1,0 0 1,
  0 0 1,0 0 1] }
}
}
DEF SHAPE_290 Shape {
 appearance USE APP_2
 geometry DEF FACE_290 IndexedFaceSet {
  coord DEF COORD_290 Coordinate { point [
  9.705 1.44 0.24,9.705 1.39 0.24,
  9.705 1.44 -0.24,9.705 1.39 -0.24] }
 coordIndex [
  0,3,2,-1,0,1,3,-1]
  normalPerVertex TRUE
  normal DEF NORM_290 Normal { vector [
  1 0 0,1 0 0,
  1 0 0,1 0 0] }
}
}
DEF SHAPE_291 Shape {
 appearance USE APP_2
 geometry DEF FACE_291 IndexedFaceSet {
  coord DEF COORD_291 Coordinate { point [
  -9.705 1.39 0.24,9.705 1.39 0.24,
  9.705 1.39 -0.24,-9.705 1.39 -0.24,
  9.625 1.39 -0.125,9.375 1.39 -0.125,
  9.625 1.39 0.125,9.375 1.39 0.125,
  8.625 1.39 -0.125,8.375 1.39 -0.125,
  8.625 1.39 0.125,8.375 1.39 0.125,
  7.625 1.39 -0.125,7.375 1.39 -0.125,
  7.625 1.39 0.125,7.375 1.39 0.125,
  6.625 1.39 -0.125,6.375 1.39 -0.125,
  6.625 1.39 0.125,6.375 1.39 0.125,
  5.625 1.39 -0.125,5.375 1.39 -0.125,
  5.625 1.39 0.125,5.375 1.39 0.125,
  4.625 1.39 -0.125,4.375 1.39 -0.125,
  4.625 1.39 0.125,4.375 1.39 0.125,
  3.625 1.39 -0.125,3.375 1.39 -0.125,
  3.625 1.39 0.125,3.375 1.39 0.125,
  2.625 1.39 -0.125,2.375 1.39 -0.125,
  2.625 1.39 0.125,2.375 1.39 0.125,
  1.625 1.39 -0.125,1.375 1.39 -0.125,
  1.625 1.39 0.125,1.375 1.39 0.125,
  0.625 1.39 -0.125,0.375 1.39 -0.125,
  0.625 1.39 0.125,0.375 1.39 0.125,
  -0.375 1.39 -0.125,-0.625 1.39 -0.125,
  -0.375 1.39 0.125,-0.625 1.39 0.125,
  -1.375 1.39 -0.125,-1.625 1.39 -0.125,
  -1.375 1.39 0.125,-1.625 1.39 0.125,
  -2.375 1.39 -0.125,-2.625 1.39 -0.125,
  -2.375 1.39 0.125,-2.625 1.39 0.125,
  -3.375 1.39 -0.125,-3.625 1.39 -0.125,
  -3.375 1.39 0.125,-3.625 1.39 0.125,
  -4.375 1.39 -0.125,-4.625 1.39 -0.125,
  -4.375 1.39 0.125,-4.625 1.39 0.125,
  -5.375 1.39 -0.125,-5.625 1.39 -0.125,
  -5.375 1.39 0.125,-5.625 1.39 0.125,
  -6.375 1.39 -0.125,-6.625 1.39 -0.125,
  -6.375 1.39 0.125,-6.625 1.39 0.125,
  -7.375 1.39 -0.125,-7.625 1.39 -0.125,
  -7.375 1.39 0.125,-7.625 1.39 0.125,
  -8.375 1.39 -0.125,-8.625 1.39 -0.125,
  -8.375 1.39 0.125,-8.625 1.39 0.125,
  -9.375 1.39 -0.125,-9.625 1.39 -0.125,
  -9.375 1.39 0.125,-9.625 1.39 0.125] }
 coordIndex [
  80,81,3,-1,0,81,83,-1,0,3,81,-1,82,0,83,-1,77,80,3,-1,79,82,80,-1,79,80,77,-1,79,0,82,-1,
  76,77,3,-1,78,0,79,-1,75,76,73,-1,75,78,76,-1,71,72,69,-1,71,74,72,-1,65,70,68,-1,67,70,65,-1,
  61,66,64,-1,63,66,61,-1,57,62,60,-1,59,62,57,-1,55,56,53,-1,55,58,56,-1,49,54,52,-1,51,54,49,-1,
  47,50,48,-1,47,48,45,-1,43,46,44,-1,43,44,41,-1,39,42,40,-1,39,40,37,-1,33,38,36,-1,35,38,33,-1,
  29,34,32,-1,31,34,29,-1,27,30,28,-1,27,28,25,-1,23,24,21,-1,23,26,24,-1,19,20,17,-1,19,22,20,-1,
  15,18,16,-1,15,16,13,-1,11,14,12,-1,11,12,9,-1,2,8,9,-1,2,9,12,-1,2,5,8,-1,7,10,8,-1,
  7,8,5,-1,4,5,2,-1,6,4,2,-1,1,7,6,-1,1,11,10,-1,1,14,11,-1,1,10,7,-1,1,6,2,-1,
  0,14,1,-1,0,15,14,-1,0,18,15,-1,0,19,18,-1,0,22,19,-1,0,23,22,-1,0,26,23,-1,0,27,26,-1,
  0,30,27,-1,0,31,30,-1,0,34,31,-1,0,35,34,-1,0,38,35,-1,0,39,38,-1,0,42,39,-1,0,43,42,-1,
  0,46,43,-1,0,47,46,-1,0,50,47,-1,0,51,50,-1,0,54,51,-1,0,55,54,-1,0,58,55,-1,0,59,58,-1,
  0,62,59,-1,0,63,62,-1,0,66,63,-1,0,67,66,-1,0,70,67,-1,0,71,70,-1,0,74,71,-1,0,75,74,-1,
  0,78,75,-1,2,76,3,-1,2,73,76,-1,2,72,73,-1,2,69,72,-1,2,68,69,-1,2,65,68,-1,2,64,65,-1,
  2,61,64,-1,2,60,61,-1,2,57,60,-1,2,56,57,-1,2,53,56,-1,2,52,53,-1,2,49,52,-1,2,48,49,-1,
  2,45,48,-1,2,44,45,-1,2,41,44,-1,2,40,41,-1,2,37,40,-1,2,36,37,-1,2,33,36,-1,2,32,33,-1,
  2,29,32,-1,2,28,29,-1,2,25,28,-1,2,24,25,-1,2,21,24,-1,2,20,21,-1,2,17,20,-1,2,16,17,-1,
  2,13,16,-1,2,12,13,-1]
  normalPerVertex TRUE
  normal DEF NORM_291 Normal { vector [
  0 -1 0,0 -1 0,
  0 -1 0,0 -1 0,
  0 -1 0,0 -1 0,
  0 -1 0,0 -1 0,
  0 -1 0,0 -1 0,
  0 -1 0,0 -1 0,
  0 -1 0,0 -1 0,
  0 -1 0,0 -1 0,
  0 -1 0,0 -1 0,
  0 -1 0,0 -1 0,
  0 -1 0,0 -1 0,
  0 -1 0,0 -1 0,
  0 -1 0,0 -1 0,
  0 -1 0,0 -1 0,
  0 -1 0,0 -1 0,
  0 -1 0,0 -1 0,
  0 -1 0,0 -1 0,
  0 -1 0,0 -1 0,
  0 -1 0,0 -1 0,
  0 -1 0,0 -1 0,
  0 -1 0,0 -1 0,
  0 -1 0,0 -1 0,
  0 -1 0,0 -1 0,
  0 -1 0,0 -1 0,
  0 -1 0,0 -1 0,
  0 -1 0,0 -1 0,
  0 -1 0,0 -1 0,
  0 -1 0,0 -1 0,
  0 -1 0,0 -1 0,
  0 -1 0,0 -1 0,
  0 -1 0,0 -1 0,
  0 -1 0,0 -1 0,
  0 -1 0,0 -1 0,
  0 -1 0,0 -1 0,
  0 -1 0,0 -1 0,
  0 -1 0,0 -1 0,
  0 -1 0,0 -1 0,
  0 -1 0,0 -1 0,
  0 -1 0,0 -1 0,
  0 -1 0,0 -1 0,
  0 -1 0,0 -1 0,
  0 -1 0,0 -1 0] }
}
}
DEF SHAPE_292 Shape {
 appearance USE APP_2
 geometry DEF FACE_292 IndexedFaceSet {
  coord DEF COORD_292 Coordinate { point [
  9.705 1.44 0.24,9.705 1.44 -0.24,
  -9.705 1.44 0.24,-9.705 1.44 -0.24] }
 coordIndex [
  1,2,0,-1,1,3,2,-1]
  normalPerVertex TRUE
  normal DEF NORM_292 Normal { vector [
  0 1 0,0 1 0,
  0 1 0,0 1 0] }
}
}
DEF SHAPE_293 Shape {
 appearance USE APP_2
 geometry DEF FACE_293 IndexedFaceSet {
  coord DEF COORD_293 Coordinate { point [
  -4.555 0 0.0725,-4.555 0 -0.0725,
  -4.6200019 0.11258661 0.125,-4.625 0.12124356 0.125,
  -4.625 0.12124356 -0.125,-4.6200019 0.11258661 -0.125] }
 coordIndex [
  2,3,4,-1,2,4,5,-1,0,5,1,-1,0,2,5,-1]
  normalPerVertex TRUE
  normal DEF NORM_293 Normal { vector [
  -0.8660254 -0.5 0,-0.8660254 -0.5 0,
  -0.8660254 -0.5 0,-0.8660254 -0.5 0,
  -0.8660254 -0.5 0,-0.8660254 -0.5 0] }
}
}
DEF SHAPE_294 Shape {
 appearance USE APP_2
 geometry DEF FACE_294 IndexedFaceSet {
  coord DEF COORD_294 Coordinate { point [
  -4.3799981 0.11258661 -0.125,-4.375 0.12124356 -0.125,
  -4.375 0.12124356 0.125,-4.3799981 0.11258661 0.125,
  -4.445 0 0.0725,-4.445 0 -0.0725] }
 coordIndex [
  3,0,1,-1,3,4,5,-1,3,5,0,-1,2,3,1,-1]
  normalPerVertex TRUE
  normal DEF NORM_294 Normal { vector [
  0.8660254 -0.5 0,0.8660254 -0.5 0,
  0.8660254 -0.5 0,0.8660254 -0.5 0,
  0.8660254 -0.5 0,0.8660254 -0.5 0] }
}
}
DEF SHAPE_295 Shape {
 appearance USE APP_2
 geometry DEF FACE_295 IndexedFaceSet {
  coord DEF COORD_295 Coordinate { point [
  -3.555 0 0.0725,-3.555 0 -0.0725,
  -3.6200019 0.11258661 0.125,-3.625 0.12124356 0.125,
  -3.625 0.12124356 -0.125,-3.6200019 0.11258661 -0.125] }
 coordIndex [
  3,4,5,-1,2,5,1,-1,2,3,5,-1,0,2,1,-1]
  normalPerVertex TRUE
  normal DEF NORM_295 Normal { vector [
  -0.8660254 -0.5 0,-0.8660254 -0.5 0,
  -0.8660254 -0.5 0,-0.8660254 -0.5 0,
  -0.8660254 -0.5 0,-0.8660254 -0.5 0] }
}
}
DEF SHAPE_296 Shape {
 appearance USE APP_2
 geometry DEF FACE_296 IndexedFaceSet {
  coord DEF COORD_296 Coordinate { point [
  -3.3799981 0.11258661 -0.125,-3.375 0.12124356 -0.125,
  -3.375 0.12124356 0.125,-3.3799981 0.11258661 0.125,
  -3.445 0 0.0725,-3.445 0 -0.0725] }
 coordIndex [
  3,4,5,-1,3,5,0,-1,2,0,1,-1,2,3,0,-1]
  normalPerVertex TRUE
  normal DEF NORM_296 Normal { vector [
  0.8660254 -0.5 0,0.8660254 -0.5 0,
  0.8660254 -0.5 0,0.8660254 -0.5 0,
  0.8660254 -0.5 0,0.8660254 -0.5 0] }
}
}
DEF SHAPE_297 Shape {
 appearance USE APP_2
 geometry DEF FACE_297 IndexedFaceSet {
  coord DEF COORD_297 Coordinate { point [
  -2.555 0 0.0725,-2.555 0 -0.0725,
  -2.6200019 0.11258661 0.125,-2.625 0.12124356 0.125,
  -2.625 0.12124356 -0.125,-2.6200019 0.11258661 -0.125] }
 coordIndex [
  3,4,5,-1,2,3,5,-1,0,5,1,-1,0,2,5,-1]
  normalPerVertex TRUE
  normal DEF NORM_297 Normal { vector [
  -0.8660254 -0.5 0,-0.8660254 -0.5 0,
  -0.8660254 -0.5 0,-0.8660254 -0.5 0,
  -0.8660254 -0.5 0,-0.8660254 -0.5 0] }
}
}
DEF SHAPE_298 Shape {
 appearance USE APP_2
 geometry DEF FACE_298 IndexedFaceSet {
  coord DEF COORD_298 Coordinate { point [
  -2.3799981 0.11258661 -0.125,-2.375 0.12124356 -0.125,
  -2.375 0.12124356 0.125,-2.3799981 0.11258661 0.125,
  -2.445 0 0.0725,-2.445 0 -0.0725] }
 coordIndex [
  4,5,0,-1,3,4,0,-1,2,0,1,-1,2,3,0,-1]
  normalPerVertex TRUE
  normal DEF NORM_298 Normal { vector [
  0.8660254 -0.5 0,0.8660254 -0.5 0,
  0.8660254 -0.5 0,0.8660254 -0.5 0,
  0.8660254 -0.5 0,0.8660254 -0.5 0] }
}
}
DEF SHAPE_299 Shape {
 appearance USE APP_2
 geometry DEF FACE_299 IndexedFaceSet {
  coord DEF COORD_299 Coordinate { point [
  -1.555 0 0.0725,-1.555 0 -0.0725,
  -1.6200019 0.11258661 0.125,-1.625 0.12124356 0.125,
  -1.625 0.12124356 -0.125,-1.6200019 0.11258661 -0.125] }
 coordIndex [
  2,3,4,-1,2,4,5,-1,2,5,1,-1,0,2,1,-1]
  normalPerVertex TRUE
  normal DEF NORM_299 Normal { vector [
  -0.8660254 -0.5 0,-0.8660254 -0.5 0,
  -0.8660254 -0.5 0,-0.8660254 -0.5 0,
  -0.8660254 -0.5 0,-0.8660254 -0.5 0] }
}
}
DEF SHAPE_300 Shape {
 appearance USE APP_2
 geometry DEF FACE_300 IndexedFaceSet {
  coord DEF COORD_300 Coordinate { point [
  -1.3799981 0.11258661 -0.125,-1.375 0.12124356 -0.125,
  -1.375 0.12124356 0.125,-1.3799981 0.11258661 0.125,
  -1.445 0 0.0725,-1.445 0 -0.0725] }
 coordIndex [
  3,0,1,-1,3,4,5,-1,3,5,0,-1,2,3,1,-1]
  normalPerVertex TRUE
  normal DEF NORM_300 Normal { vector [
  0.8660254 -0.5 0,0.8660254 -0.5 0,
  0.8660254 -0.5 0,0.8660254 -0.5 0,
  0.8660254 -0.5 0,0.8660254 -0.5 0] }
}
}
DEF SHAPE_301 Shape {
 appearance USE APP_2
 geometry DEF FACE_301 IndexedFaceSet {
  coord DEF COORD_301 Coordinate { point [
  -0.555 0 0.0725,-0.555 0 -0.0725,
  -0.62000191 0.11258661 0.125,-0.625 0.12124356 0.125,
  -0.625 0.12124356 -0.125,-0.62000191 0.11258661 -0.125] }
 coordIndex [
  3,4,5,-1,2,3,5,-1,0,5,1,-1,0,2,5,-1]
  normalPerVertex TRUE
  normal DEF NORM_301 Normal { vector [
  -0.8660254 -0.5 0,-0.8660254 -0.5 0,
  -0.8660254 -0.5 0,-0.8660254 -0.5 0,
  -0.8660254 -0.5 0,-0.8660254 -0.5 0] }
}
}
DEF SHAPE_302 Shape {
 appearance USE APP_2
 geometry DEF FACE_302 IndexedFaceSet {
  coord DEF COORD_302 Coordinate { point [
  -0.37999809 0.11258661 -0.125,-0.375 0.12124356 -0.125,
  -0.375 0.12124356 0.125,-0.37999809 0.11258661 0.125,
  -0.445 0 0.0725,-0.445 0 -0.0725] }
 coordIndex [
  4,5,0,-1,3,0,1,-1,3,4,0,-1,2,3,1,-1]
  normalPerVertex TRUE
  normal DEF NORM_302 Normal { vector [
  0.8660254 -0.5 0,0.8660254 -0.5 0,
  0.8660254 -0.5 0,0.8660254 -0.5 0,
  0.8660254 -0.5 0,0.8660254 -0.5 0] }
}
}
DEF SHAPE_303 Shape {
 appearance USE APP_2
 geometry DEF FACE_303 IndexedFaceSet {
  coord DEF COORD_303 Coordinate { point [
  0.445 0 0.0725,0.445 0 -0.0725,
  0.37999809 0.11258661 0.125,0.375 0.12124356 0.125,
  0.375 0.12124356 -0.125,0.37999809 0.11258661 -0.125] }
 coordIndex [
  3,4,5,-1,2,3,5,-1,0,5,1,-1,0,2,5,-1]
  normalPerVertex TRUE
  normal DEF NORM_303 Normal { vector [
  -0.8660254 -0.5 0,-0.8660254 -0.5 0,
  -0.8660254 -0.5 0,-0.8660254 -0.5 0,
  -0.8660254 -0.5 0,-0.8660254 -0.5 0] }
}
}
DEF SHAPE_304 Shape {
 appearance USE APP_2
 geometry DEF FACE_304 IndexedFaceSet {
  coord DEF COORD_304 Coordinate { point [
  0.62000191 0.11258661 -0.125,0.625 0.12124356 -0.125,
  0.625 0.12124356 0.125,0.62000191 0.11258661 0.125,
  0.555 0 0.0725,0.555 0 -0.0725] }
 coordIndex [
  4,5,0,-1,3,0,1,-1,3,4,0,-1,2,3,1,-1]
  normalPerVertex TRUE
  normal DEF NORM_304 Normal { vector [
  0.8660254 -0.5 0,0.8660254 -0.5 0,
  0.8660254 -0.5 0,0.8660254 -0.5 0,
  0.8660254 -0.5 0,0.8660254 -0.5 0] }
}
}
DEF SHAPE_305 Shape {
 appearance USE APP_2
 geometry DEF FACE_305 IndexedFaceSet {
  coord DEF COORD_305 Coordinate { point [
  1.445 0 0.0725,1.445 0 -0.0725,
  1.3799981 0.11258661 0.125,1.375 0.12124356 0.125,
  1.375 0.12124356 -0.125,1.3799981 0.11258661 -0.125] }
 coordIndex [
  3,4,5,-1,2,5,1,-1,2,3,5,-1,0,2,1,-1]
  normalPerVertex TRUE
  normal DEF NORM_305 Normal { vector [
  -0.8660254 -0.5 0,-0.8660254 -0.5 0,
  -0.8660254 -0.5 0,-0.8660254 -0.5 0,
  -0.8660254 -0.5 0,-0.8660254 -0.5 0] }
}
}
DEF SHAPE_306 Shape {
 appearance USE APP_2
 geometry DEF FACE_306 IndexedFaceSet {
  coord DEF COORD_306 Coordinate { point [
  1.6200019 0.11258661 -0.125,1.625 0.12124356 -0.125,
  1.625 0.12124356 0.125,1.6200019 0.11258661 0.125,
  1.555 0 0.0725,1.555 0 -0.0725] }
 coordIndex [
  3,0,1,-1,3,4,5,-1,3,5,0,-1,2,3,1,-1]
  normalPerVertex TRUE
  normal DEF NORM_306 Normal { vector [
  0.8660254 -0.5 0,0.8660254 -0.5 0,
  0.8660254 -0.5 0,0.8660254 -0.5 0,
  0.8660254 -0.5 0,0.8660254 -0.5 0] }
}
}
DEF SHAPE_307 Shape {
 appearance USE APP_2
 geometry DEF FACE_307 IndexedFaceSet {
  coord DEF COORD_307 Coordinate { point [
  2.445 0 0.0725,2.445 0 -0.0725,
  2.3799981 0.11258661 0.125,2.375 0.12124356 0.125,
  2.375 0.12124356 -0.125,2.3799981 0.11258661 -0.125] }
 coordIndex [
  3,4,5,-1,2,3,5,-1,0,5,1,-1,0,2,5,-1]
  normalPerVertex TRUE
  normal DEF NORM_307 Normal { vector [
  -0.8660254 -0.5 0,-0.8660254 -0.5 0,
  -0.8660254 -0.5 0,-0.8660254 -0.5 0,
  -0.8660254 -0.5 0,-0.8660254 -0.5 0] }
}
}
DEF SHAPE_308 Shape {
 appearance USE APP_2
 geometry DEF FACE_308 IndexedFaceSet {
  coord DEF COORD_308 Coordinate { point [
  2.6200019 0.11258661 -0.125,2.625 0.12124356 -0.125,
  2.625 0.12124356 0.125,2.6200019 0.11258661 0.125,
  2.555 0 0.0725,2.555 0 -0.0725] }
 coordIndex [
  4,5,0,-1,3,4,0,-1,2,0,1,-1,2,3,0,-1]
  normalPerVertex TRUE
  normal DEF NORM_308 Normal { vector [
  0.8660254 -0.5 0,0.8660254 -0.5 0,
  0.8660254 -0.5 0,0.8660254 -0.5 0,
  0.8660254 -0.5 0,0.8660254 -0.5 0] }
}
}
DEF SHAPE_309 Shape {
 appearance USE APP_2
 geometry DEF FACE_309 IndexedFaceSet {
  coord DEF COORD_309 Coordinate { point [
  3.445 0 0.0725,3.445 0 -0.0725,
  3.3799981 0.11258661 0.125,3.375 0.12124356 0.125,
  3.375 0.12124356 -0.125,3.3799981 0.11258661 -0.125] }
 coordIndex [
  3,4,5,-1,2,3,5,-1,0,5,1,-1,0,2,5,-1]
  normalPerVertex TRUE
  normal DEF NORM_309 Normal { vector [
  -0.8660254 -0.5 0,-0.8660254 -0.5 0,
  -0.8660254 -0.5 0,-0.8660254 -0.5 0,
  -0.8660254 -0.5 0,-0.8660254 -0.5 0] }
}
}
DEF SHAPE_310 Shape {
 appearance USE APP_2
 geometry DEF FACE_310 IndexedFaceSet {
  coord DEF COORD_310 Coordinate { point [
  3.6200019 0.11258661 -0.125,3.625 0.12124356 -0.125,
  3.625 0.12124356 0.125,3.6200019 0.11258661 0.125,
  3.555 0 0.0725,3.555 0 -0.0725] }
 coordIndex [
  3,0,1,-1,3,4,5,-1,3,5,0,-1,2,3,1,-1]
  normalPerVertex TRUE
  normal DEF NORM_310 Normal { vector [
  0.8660254 -0.5 0,0.8660254 -0.5 0,
  0.8660254 -0.5 0,0.8660254 -0.5 0,
  0.8660254 -0.5 0,0.8660254 -0.5 0] }
}
}
DEF SHAPE_311 Shape {
 appearance USE APP_2
 geometry DEF FACE_311 IndexedFaceSet {
  coord DEF COORD_311 Coordinate { point [
  4.445 0 0.0725,4.445 0 -0.0725,
  4.3799981 0.11258661 0.125,4.375 0.12124356 0.125,
  4.375 0.12124356 -0.125,4.3799981 0.11258661 -0.125] }
 coordIndex [
  3,4,5,-1,2,3,5,-1,0,5,1,-1,0,2,5,-1]
  normalPerVertex TRUE
  normal DEF NORM_311 Normal { vector [
  -0.8660254 -0.5 0,-0.8660254 -0.5 0,
  -0.8660254 -0.5 0,-0.8660254 -0.5 0,
  -0.8660254 -0.5 0,-0.8660254 -0.5 0] }
}
}
DEF SHAPE_312 Shape {
 appearance USE APP_2
 geometry DEF FACE_312 IndexedFaceSet {
  coord DEF COORD_312 Coordinate { point [
  4.6200019 0.11258661 -0.125,4.625 0.12124356 -0.125,
  4.625 0.12124356 0.125,4.6200019 0.11258661 0.125,
  4.555 0 0.0725,4.555 0 -0.0725] }
 coordIndex [
  4,5,0,-1,3,4,0,-1,2,0,1,-1,2,3,0,-1]
  normalPerVertex TRUE
  normal DEF NORM_312 Normal { vector [
  0.8660254 -0.5 0,0.8660254 -0.5 0,
  0.8660254 -0.5 0,0.8660254 -0.5 0,
  0.8660254 -0.5 0,0.8660254 -0.5 0] }
}
}
DEF SHAPE_313 Shape {
 appearance USE APP_2
 geometry DEF FACE_313 IndexedFaceSet {
  coord DEF COORD_313 Coordinate { point [
  9.625 0.12124356 0.125,9.555 0 0.125,
  9.555 0 -0.125,9.625 0.12124356 -0.125] }
 coordIndex [
  0,1,2,-1,0,2,3,-1]
  normalPerVertex TRUE
  normal DEF NORM_313 Normal { vector [
  0.8660254 -0.5 0,0.8660254 -0.5 0,
  0.8660254 -0.5 0,0.8660254 -0.5 0] }
}
}
DEF SHAPE_314 Shape {
 appearance USE APP_2
 geometry DEF FACE_314 IndexedFaceSet {
  coord DEF COORD_314 Coordinate { point [
  9.445 0 0.125,9.375 0.12124356 0.125,
  9.375 0.12124356 -0.125,9.445 0 -0.125] }
 coordIndex [
  1,2,3,-1,0,1,3,-1]
  normalPerVertex TRUE
  normal DEF NORM_314 Normal { vector [
  -0.8660254 -0.5 0,-0.8660254 -0.5 0,
  -0.8660254 -0.5 0,-0.8660254 -0.5 0] }
}
}
DEF SHAPE_315 Shape {
 appearance USE APP_2
 geometry DEF FACE_315 IndexedFaceSet {
  coord DEF COORD_315 Coordinate { point [
  8.625 0.12124356 0.125,8.555 0 0.125,
  8.555 0 -0.125,8.625 0.12124356 -0.125] }
 coordIndex [
  0,1,2,-1,0,2,3,-1]
  normalPerVertex TRUE
  normal DEF NORM_315 Normal { vector [
  0.8660254 -0.5 0,0.8660254 -0.5 0,
  0.8660254 -0.5 0,0.8660254 -0.5 0] }
}
}
DEF SHAPE_316 Shape {
 appearance USE APP_2
 geometry DEF FACE_316 IndexedFaceSet {
  coord DEF COORD_316 Coordinate { point [
  8.445 0 0.125,8.375 0.12124356 0.125,
  8.375 0.12124356 -0.125,8.445 0 -0.125] }
 coordIndex [
  1,2,3,-1,0,1,3,-1]
  normalPerVertex TRUE
  normal DEF NORM_316 Normal { vector [
  -0.8660254 -0.5 0,-0.8660254 -0.5 0,
  -0.8660254 -0.5 0,-0.8660254 -0.5 0] }
}
}
DEF SHAPE_317 Shape {
 appearance USE APP_2
 geometry DEF FACE_317 IndexedFaceSet {
  coord DEF COORD_317 Coordinate { point [
  7.625 0.12124356 0.125,7.555 0 0.125,
  7.555 0 -0.125,7.625 0.12124356 -0.125] }
 coordIndex [
  0,1,2,-1,0,2,3,-1]
  normalPerVertex TRUE
  normal DEF NORM_317 Normal { vector [
  0.8660254 -0.5 0,0.8660254 -0.5 0,
  0.8660254 -0.5 0,0.8660254 -0.5 0] }
}
}
DEF SHAPE_318 Shape {
 appearance USE APP_2
 geometry DEF FACE_318 IndexedFaceSet {
  coord DEF COORD_318 Coordinate { point [
  7.445 0 0.125,7.375 0.12124356 0.125,
  7.375 0.12124356 -0.125,7.445 0 -0.125] }
 coordIndex [
  1,2,3,-1,0,1,3,-1]
  normalPerVertex TRUE
  normal DEF NORM_318 Normal { vector [
  -0.8660254 -0.5 0,-0.8660254 -0.5 0,
  -0.8660254 -0.5 0,-0.8660254 -0.5 0] }
}
}
DEF SHAPE_319 Shape {
 appearance USE APP_2
 geometry DEF FACE_319 IndexedFaceSet {
  coord DEF COORD_319 Coordinate { point [
  6.625 0.12124356 0.125,6.555 0 0.125,
  6.555 0 -0.125,6.625 0.12124356 -0.125] }
 coordIndex [
  0,1,2,-1,0,2,3,-1]
  normalPerVertex TRUE
  normal DEF NORM_319 Normal { vector [
  0.8660254 -0.5 0,0.8660254 -0.5 0,
  0.8660254 -0.5 0,0.8660254 -0.5 0] }
}
}
DEF SHAPE_320 Shape {
 appearance USE APP_2
 geometry DEF FACE_320 IndexedFaceSet {
  coord DEF COORD_320 Coordinate { point [
  6.445 0 0.125,6.375 0.12124356 0.125,
  6.375 0.12124356 -0.125,6.445 0 -0.125] }
 coordIndex [
  1,2,3,-1,0,1,3,-1]
  normalPerVertex TRUE
  normal DEF NORM_320 Normal { vector [
  -0.8660254 -0.5 0,-0.8660254 -0.5 0,
  -0.8660254 -0.5 0,-0.8660254 -0.5 0] }
}
}
DEF SHAPE_321 Shape {
 appearance USE APP_2
 geometry DEF FACE_321 IndexedFaceSet {
  coord DEF COORD_321 Coordinate { point [
  5.625 0.12124356 0.125,5.555 0 0.125,
  5.555 0 -0.125,5.625 0.12124356 -0.125] }
 coordIndex [
  0,1,2,-1,0,2,3,-1]
  normalPerVertex TRUE
  normal DEF NORM_321 Normal { vector [
  0.8660254 -0.5 0,0.8660254 -0.5 0,
  0.8660254 -0.5 0,0.8660254 -0.5 0] }
}
}
DEF SHAPE_322 Shape {
 appearance USE APP_2
 geometry DEF FACE_322 IndexedFaceSet {
  coord DEF COORD_322 Coordinate { point [
  5.445 0 0.125,5.375 0.12124356 0.125,
  5.375 0.12124356 -0.125,5.445 0 -0.125] }
 coordIndex [
  1,2,3,-1,0,1,3,-1]
  normalPerVertex TRUE
  normal DEF NORM_322 Normal { vector [
  -0.8660254 -0.5 0,-0.8660254 -0.5 0,
  -0.8660254 -0.5 0,-0.8660254 -0.5 0] }
}
}
DEF SHAPE_323 Shape {
 appearance USE APP_2
 geometry DEF FACE_323 IndexedFaceSet {
  coord DEF COORD_323 Coordinate { point [
  -5.375 0.12124356 0.125,-5.445 0 0.125,
  -5.445 0 -0.125,-5.375 0.12124356 -0.125] }
 coordIndex [
  0,1,2,-1,0,2,3,-1]
  normalPerVertex TRUE
  normal DEF NORM_323 Normal { vector [
  0.8660254 -0.5 0,0.8660254 -0.5 0,
  0.8660254 -0.5 0,0.8660254 -0.5 0] }
}
}
DEF SHAPE_324 Shape {
 appearance USE APP_2
 geometry DEF FACE_324 IndexedFaceSet {
  coord DEF COORD_324 Coordinate { point [
  -5.555 0 0.125,-5.625 0.12124356 0.125,
  -5.625 0.12124356 -0.125,-5.555 0 -0.125] }
 coordIndex [
  1,2,3,-1,0,1,3,-1]
  normalPerVertex TRUE
  normal DEF NORM_324 Normal { vector [
  -0.8660254 -0.5 0,-0.8660254 -0.5 0,
  -0.8660254 -0.5 0,-0.8660254 -0.5 0] }
}
}
DEF SHAPE_325 Shape {
 appearance USE APP_2
 geometry DEF FACE_325 IndexedFaceSet {
  coord DEF COORD_325 Coordinate { point [
  -6.375 0.12124356 0.125,-6.445 0 0.125,
  -6.445 0 -0.125,-6.375 0.12124356 -0.125] }
 coordIndex [
  0,1,2,-1,0,2,3,-1]
  normalPerVertex TRUE
  normal DEF NORM_325 Normal { vector [
  0.8660254 -0.5 0,0.8660254 -0.5 0,
  0.8660254 -0.5 0,0.8660254 -0.5 0] }
}
}
DEF SHAPE_326 Shape {
 appearance USE APP_2
 geometry DEF FACE_326 IndexedFaceSet {
  coord DEF COORD_326 Coordinate { point [
  -6.555 0 0.125,-6.625 0.12124356 0.125,
  -6.625 0.12124356 -0.125,-6.555 0 -0.125] }
 coordIndex [
  0,1,2,-1,0,2,3,-1]
  normalPerVertex TRUE
  normal DEF NORM_326 Normal { vector [
  -0.8660254 -0.5 0,-0.8660254 -0.5 0,
  -0.8660254 -0.5 0,-0.8660254 -0.5 0] }
}
}
DEF SHAPE_327 Shape {
 appearance USE APP_2
 geometry DEF FACE_327 IndexedFaceSet {
  coord DEF COORD_327 Coordinate { point [
  -7.375 0.12124356 0.125,-7.445 0 0.125,
  -7.445 0 -0.125,-7.375 0.12124356 -0.125] }
 coordIndex [
  0,1,2,-1,0,2,3,-1]
  normalPerVertex TRUE
  normal DEF NORM_327 Normal { vector [
  0.8660254 -0.5 0,0.8660254 -0.5 0,
  0.8660254 -0.5 0,0.8660254 -0.5 0] }
}
}
DEF SHAPE_328 Shape {
 appearance USE APP_2
 geometry DEF FACE_328 IndexedFaceSet {
  coord DEF COORD_328 Coordinate { point [
  -7.555 0 0.125,-7.625 0.12124356 0.125,
  -7.625 0.12124356 -0.125,-7.555 0 -0.125] }
 coordIndex [
  1,2,3,-1,0,1,3,-1]
  normalPerVertex TRUE
  normal DEF NORM_328 Normal { vector [
  -0.8660254 -0.5 0,-0.8660254 -0.5 0,
  -0.8660254 -0.5 0,-0.8660254 -0.5 0] }
}
}
DEF SHAPE_329 Shape {
 appearance USE APP_2
 geometry DEF FACE_329 IndexedFaceSet {
  coord DEF COORD_329 Coordinate { point [
  -8.375 0.12124356 0.125,-8.445 0 0.125,
  -8.445 0 -0.125,-8.375 0.12124356 -0.125] }
 coordIndex [
  0,1,2,-1,0,2,3,-1]
  normalPerVertex TRUE
  normal DEF NORM_329 Normal { vector [
  0.8660254 -0.5 0,0.8660254 -0.5 0,
  0.8660254 -0.5 0,0.8660254 -0.5 0] }
}
}
DEF SHAPE_330 Shape {
 appearance USE APP_2
 geometry DEF FACE_330 IndexedFaceSet {
  coord DEF COORD_330 Coordinate { point [
  -8.555 0 0.125,-8.625 0.12124356 0.125,
  -8.625 0.12124356 -0.125,-8.555 0 -0.125] }
 coordIndex [
  1,2,3,-1,0,1,3,-1]
  normalPerVertex TRUE
  normal DEF NORM_330 Normal { vector [
  -0.8660254 -0.5 0,-0.8660254 -0.5 0,
  -0.8660254 -0.5 0,-0.8660254 -0.5 0] }
}
}
DEF SHAPE_331 Shape {
 appearance USE APP_2
 geometry DEF FACE_331 IndexedFaceSet {
  coord DEF COORD_331 Coordinate { point [
  -9.375 0.12124356 0.125,-9.445 0 0.125,
  -9.445 0 -0.125,-9.375 0.12124356 -0.125] }
 coordIndex [
  0,1,2,-1,0,2,3,-1]
  normalPerVertex TRUE
  normal DEF NORM_331 Normal { vector [
  0.8660254 -0.5 0,0.8660254 -0.5 0,
  0.8660254 -0.5 0,0.8660254 -0.5 0] }
}
}
DEF SHAPE_332 Shape {
 appearance USE APP_2
 geometry DEF FACE_332 IndexedFaceSet {
  coord DEF COORD_332 Coordinate { point [
  -9.555 0 0.125,-9.625 0.12124356 0.125,
  -9.625 0.12124356 -0.125,-9.555 0 -0.125] }
 coordIndex [
  1,2,3,-1,0,1,3,-1]
  normalPerVertex TRUE
  normal DEF NORM_332 Normal { vector [
  -0.8660254 -0.5 0,-0.8660254 -0.5 0,
  -0.8660254 -0.5 0,-0.8660254 -0.5 0] }
}
}
] }
] }
] }
] }
